sweep,value,h,D_A,mean_delta_S_BB,delta_S_BB_fit,residual,LHS_over_RHS
D_A,0.5,1.0,0.5,0.0449543585675,0.047051103734035205,-0.0020967451665352063,0.9554368548209319
D_A,2.5,1.0,2.5,0.0243199999675,0.028333105046529264,-0.004013105079029265,0.8583598559904093
D_A,5.0,1.0,5.0,0.0159124397925,0.018923070508678322,-0.0030106307161783218,0.8409015748898883
D_A,7.5,1.0,7.5,0.011622706392499998,0.014205213197132792,-0.0025825068046327945,0.8182000672010996
D_A,10.0,1.0,10.0,0.0092728048425,0.011370376533623137,-0.0020975716911231373,0.8155231108732023
D_A,15.0,1.0,15.0,0.0064005745525,0.00812676955893629,-0.0017261950064362905,0.7875914908232944
D_A,25.0,1.0,25.0,0.0041221483625,0.00517451836377787,-0.0010523700012778706,0.7966245499011922
D_A,40.0,1.0,40.0,0.00268947782,0.0033493929216763135,-0.0006599151016763133,0.8029747129978297
D_A,50.0,1.0,50.0,0.0020970349550000003,0.0027117456809828615,-0.0006147107259828611,0.7733154955150287
D_A,75.0,1.0,75.0,0.00163699575,0.0018372977720205886,-0.00020030202202058855,0.8909800985605593
D_A,100.0,1.0,100.0,0.0011883918024999998,0.0013892959688304196,-0.00020090416633041972,0.8553913846741015
h,0.0,0.0,0.5,0.0,0.0,0.0,nan
h,0.2,0.2,0.5,0.0017281477725000001,0.0018820441493614083,-0.00015389637686140812,0.9182291356376383
h,0.4,0.4,0.5,0.006603124335,0.007528176597445633,-0.0009250522624456329,0.8771213386838573
h,0.6,0.6,0.5,0.0153614936675,0.016938397344252672,-0.0015769036767526723,0.906903608133403
h,0.8,0.8,0.5,0.0273734062925,0.030112706389782532,-0.002739300097282533,0.9090317535121321
h,1.0,1.0,0.5,0.0449543585675,0.047051103734035205,-0.0020967451665352063,0.9554368548209319
h,1.2,1.2,0.5,0.0654595286675,0.06775358937701069,-0.002294060709510687,0.9661411191553922
h,1.4,1.4,0.5,0.0854058587925,0.09222016331870897,-0.006814304526208972,0.926108301254477
h,1.6,1.6,0.5,0.11686084599249999,0.12045082555913013,-0.0035899795666301387,0.9701954756228068
h,1.8,1.8,0.5,0.16850483499250002,0.15244557609827405,0.016059258894225964,1.1053442107357274
h,2.0,2.0,0.5,0.18381044999249999,0.18820441493614082,-0.004393964943640832,0.9766532313010206
