panel,sweep,value,c,h,S_AA0,delta_S_BB0_measured,delta_S_BB0_fit,residual,measured_over_fit,included_in_fit,run
B,c,-1.0,-1.0,1.0,0.0008379012795,0.00012095380825000016,,,,0,rhoA0.8_rhoB0.6_h1_h02.0_c-1.0_RA3.0_steps100000_tauRatio1_epsA1.0
B,c,-0.8,-0.8,1.0,0.011985136875,0.0010443552774999998,0.0011028684861466357,-5.851320864663583e-05,0.9469445274920513,1,rhoA0.8_rhoB0.6_h1_h02.0_c-0.8_RA3.0_steps100000_tauRatio1_epsA1.0
B,c,-0.6,-0.6,1.0,0.022769184025,0.0021631315375000002,0.0020952130775265683,6.791845997343188e-05,1.0324160156797086,1,rhoA0.8_rhoB0.6_h1_h02.0_c-0.6_RA3.0_steps100000_tauRatio1_epsA1.0
B,c,-0.4,-0.4,1.0,0.032055289675,0.0029248236050000006,0.002949717568149102,-2.4893963149101497e-05,0.9915605604353769,1,rhoA0.8_rhoB0.6_h1_h02.0_c-0.4_RA3.0_steps100000_tauRatio1_epsA1.0
B,c,-0.2,-0.2,1.0,0.041919057775,0.0037796362775000007,0.0038573783738291767,-7.774209632917597e-05,0.9798458723010877,1,rhoA0.8_rhoB0.6_h1_h02.0_c-0.2_RA3.0_steps100000_tauRatio1_epsA1.0
B,c,0.0,0.0,1.0,0.054055063725,0.00497671488,0.004974129784308422,2.585095691578186e-06,1.0005197081306028,1,rhoA0.8_rhoB0.6_h1.0_h02.0_c0.0_RA3.0_steps100000_tauRatio1_epsA1.0
D,h,0.0,0.0,0.0,0.054400428475,0.0,0.0,0.0,,0,rhoA0.8_rhoB0.6_h0.0_h02.0_c0.0_RA3.0_steps100000_tauRatio1_epsA1.0
D,h,0.2,0.0,0.2,0.05277763385,0.00018594941025000013,0.00019426324372803945,-8.313833478039326e-06,0.9572032602849031,1,rhoA0.8_rhoB0.6_h0.2_h02.0_c0.0_RA3.0_steps100000_tauRatio1_epsA1.0
D,h,0.4,0.0,0.4,0.056814977725,0.0007982243275,0.0008364953909501425,-3.827106345014248e-05,0.9542483271704918,1,rhoA0.8_rhoB0.6_h0.4_h02.0_c0.0_RA3.0_steps100000_tauRatio1_epsA1.0
D,h,0.6,0.0,0.6,0.0523536834,0.0017310446925,0.0017343249507111673,-3.280258211167328e-06,0.998108625370452,1,rhoA0.8_rhoB0.6_h0.6_h02.0_c0.0_RA3.0_steps100000_tauRatio1_epsA1.0
D,h,0.8,0.0,0.8,0.053103341425,0.00314282635,0.0031273936644715477,1.5432685528452266e-05,1.0049346795396352,1,rhoA0.8_rhoB0.6_h0.8_h02.0_c0.0_RA3.0_steps100000_tauRatio1_epsA1.0
D,h,1.0,0.0,1.0,0.054055063725,0.00497671488,0.004974129784308422,2.585095691578186e-06,1.0005197081306028,0,rhoA0.8_rhoB0.6_h1.0_h02.0_c0.0_RA3.0_steps100000_tauRatio1_epsA1.0
D,h,1.2,0.0,1.2,0.05519154475,0.0074379939875000006,0.007313340106130293,0.00012465388136970786,1.0170447264260578,1,rhoA0.8_rhoB0.6_h1.2_h02.0_c0.0_RA3.0_steps100000_tauRatio1_epsA1.0
D,h,1.4,0.0,1.4,0.05243538495,0.009436215040000001,0.009457171418063778,-2.095637806377726e-05,0.9977840754769709,1,rhoA0.8_rhoB0.6_h1.4_h02.0_c0.0_RA3.0_steps100000_tauRatio1_epsA1.0
D,h,1.6,0.0,1.6,0.05373633135,0.012623952227500002,0.01265868833909702,-3.4736111597018574e-05,0.9972559470091593,1,rhoA0.8_rhoB0.6_h1.6_h02.0_c0.0_RA3.0_steps100000_tauRatio1_epsA1.0
