c,q_sigma,S_AA
-1.0,0.0252815853,0.000154784503
-1.0,0.0486976344,0.000529773085
-1.0,0.0692644017,0.00101851075
-1.0,0.08877835,0.00164853678
-1.0,0.111604297,0.00264379003
-1.0,0.132731806,0.00374441591
-1.0,0.153672181,0.00505622638
-1.0,0.175641863,0.00651733889
-1.0,0.196615509,0.00821689789
-1.0,0.217326708,0.00999536479
-1.0,0.237538457,0.0119276866
-1.0,0.258148683,0.0141953844
-1.0,0.28040349,0.0169372563
-1.0,0.301929084,0.0194150412
-1.0,0.322287413,0.0217872662
-1.0,0.342663331,0.0249585211
-1.0,0.363641289,0.0281334932
-1.0,0.385602948,0.0314652675
-1.0,0.406737165,0.0349940593
-1.0,0.427001871,0.038612173
-1.0,0.448754416,0.0424181929
-1.0,0.469601745,0.0464392207
-1.0,0.489805379,0.0502682553
-1.0,0.510302494,0.0548299965
-1.0,0.53178319,0.059353696
-1.0,0.553922362,0.0650225202
-1.0,0.574670041,0.0700204815
-1.0,0.594645701,0.0742688929
-1.0,0.615540037,0.0806231452
-1.0,0.636554081,0.0851986529
-1.0,0.658102417,0.092005484
-1.0,0.679189641,0.0973944596
-1.0,0.700054044,0.103894797
-1.0,0.721329826,0.11031736
-1.0,0.742033923,0.11743135
-1.0,0.762614581,0.123384175
-1.0,0.783270495,0.130960096
-1.0,0.804783918,0.137892436
-1.0,0.826095906,0.144733198
-1.0,0.846303977,0.152685637
-1.0,0.867174819,0.160480611
-1.0,0.888413258,0.168420736
-1.0,0.909910564,0.177204563
-1.0,0.931134698,0.186201053
-1.0,0.951563161,0.194059386
-1.0,0.972160451,0.204341585
-1.0,0.993008165,0.214081941
-1.0,1.0140906,0.222840975
-1.0,1.03500338,0.231103419
-1.0,1.05657413,0.243158439
-1.0,1.07789814,0.253810765
-1.0,1.09835045,0.264795253
-1.0,1.11903902,0.272826223
-1.0,1.1396405,0.285527463
-1.0,1.16109193,0.295775087
-1.0,1.18227503,0.308269421
-1.0,1.2030555,0.320218957
-1.0,1.22375183,0.331573652
-1.0,1.24453484,0.344140263
-1.0,1.26570671,0.35597275
-1.0,1.28693994,0.371443948
-1.0,1.30807124,0.381723943
-1.0,1.32889646,0.397594398
-1.0,1.34945121,0.408197375
-1.0,1.37055188,0.420664481
-1.0,1.39148285,0.436461495
-1.0,1.41220445,0.450483756
-1.0,1.43352474,0.463372069
-1.0,1.45454751,0.477108517
-1.0,1.47511055,0.492383317
-1.0,1.49566583,0.509093572
-1.0,1.51690776,0.517721316
-1.0,1.53826425,0.537120254
-1.0,1.55931449,0.549982601
-1.0,1.58012172,0.564174085
-1.0,1.60114355,0.580301491
-1.0,1.62229155,0.596693109
-1.0,1.64295947,0.607871521
-1.0,1.66366432,0.621706397
-1.0,1.68478217,0.6382401
-1.0,1.7057485,0.651801845
-1.0,1.72683745,0.664125223
-1.0,1.74765849,0.678777939
-1.0,1.76847487,0.693190301
-1.0,1.78961871,0.709050704
-1.0,1.81086098,0.721986709
-1.0,1.83179094,0.733121771
-1.0,1.8521746,0.746541378
-1.0,1.8733654,0.759500501
-1.0,1.89455538,0.773737813
-1.0,1.91534795,0.784241205
-1.0,1.93623233,0.795282832
-1.0,1.9571481,0.802993725
-1.0,1.97825109,0.815397864
-1.0,1.99905898,0.828407223
-1.0,2.01966715,0.839716555
-1.0,2.04082415,0.84443086
-1.0,2.06193171,0.851631141
-1.0,2.08296048,0.860748878
-1.0,2.10383017,0.87683986
-1.0,2.12494312,0.881796728
-1.0,2.14618475,0.891760404
-1.0,2.16679298,0.894604549
-1.0,2.18753482,0.903392143
-1.0,2.20847027,0.910184331
-1.0,2.22955181,0.91452617
-1.0,2.25078374,0.922184601
-1.0,2.27150159,0.927444343
-1.0,2.29205574,0.931227349
-1.0,2.31294326,0.933322881
-1.0,2.3340363,0.942291181
-1.0,2.35514399,0.947225361
-1.0,2.37607726,0.953311388
-1.0,2.39730341,0.95276348
-1.0,2.41857203,0.954484379
-1.0,2.43911056,0.956221605
-1.0,2.45988005,0.961912259
-1.0,2.48094151,0.965526331
-1.0,2.50196601,0.967557673
-1.0,2.52300496,0.967081711
-1.0,2.54340089,0.969362977
-1.0,2.56415297,0.973185683
-1.0,2.58575836,0.979578198
-1.0,2.60684428,0.977476435
-1.0,2.62775949,0.98111448
-1.0,2.64834355,0.981056193
-1.0,2.66912062,0.979237603
-1.0,2.69039946,0.983186477
-1.0,2.71121518,0.980518814
-1.0,2.7321837,0.983800049
-1.0,2.75306239,0.984608765
-1.0,2.77427049,0.983892551
-1.0,2.79557932,0.985648368
-1.0,2.8160646,0.986814641
-1.0,2.83689478,0.985347427
-1.0,2.85801727,0.982328372
-1.0,2.87906973,0.986126861
-1.0,2.89996898,0.98710765
-1.0,2.92062944,0.983968778
-1.0,2.941605,0.984787579
-1.0,2.96267076,0.983136844
-1.0,2.98347442,0.990391043
-1.0,3.00437656,0.985560006
-1.0,3.02542142,0.985135706
-1.0,3.04658726,0.986927975
-1.0,3.06768101,0.986536492
-1.0,3.088328,0.985938315
-1.0,3.10931167,0.987800544
-1.0,3.1305457,0.982987743
-1.0,3.15150209,0.984492519
-1.0,3.17219014,0.983215713
-1.0,3.19299024,0.985911516
-1.0,3.21390436,0.987253192
-1.0,3.23506564,0.982132045
-1.0,3.25605387,0.985099989
-1.0,3.27685776,0.986266658
-1.0,3.29794723,0.987593462
-1.0,3.31884778,0.986219743
-1.0,3.33944269,0.986077644
-1.0,3.36030612,0.989654417
-1.0,3.38171654,0.982653499
-1.0,3.40297495,0.982662445
-1.0,3.42370792,0.984665634
-1.0,3.44440875,0.986716579
-1.0,3.465315,0.985483981
-1.0,3.4865867,0.98398279
-1.0,3.50751221,0.981671102
-1.0,3.52796741,0.989566857
-1.0,3.5488788,0.984138999
-1.0,3.57014151,0.982838406
-1.0,3.59120365,0.986555947
-1.0,3.61190928,0.9906378
-1.0,3.63300558,0.984192365
-1.0,3.6541422,0.982949628
-1.0,3.67500902,0.984146675
-1.0,3.69581564,0.989629709
-1.0,3.71644729,0.985168185
-1.0,3.73749774,0.987058887
-1.0,3.75868086,0.986301581
-1.0,3.77950549,0.98667278
-1.0,3.80027286,0.98592052
-1.0,3.82143123,0.983065111
-1.0,3.84280481,0.985653066
-1.0,3.86349282,0.984753474
-1.0,3.88417456,0.988610363
-1.0,3.90535419,0.991586941
-1.0,3.9264697,0.988929238
-1.0,3.94738681,0.988215882
-1.0,3.96810309,0.985783081
-1.0,3.98888694,0.987560117
-1.0,4.00993371,0.985583376
-1.0,4.03080983,0.987722519
-1.0,4.05178039,0.983711951
-1.0,4.07276799,0.98775242
-1.0,4.09368684,0.987730859
-1.0,4.11485609,0.989318989
-1.0,4.13583188,0.987282477
-1.0,4.15670688,0.989531124
-1.0,4.17758774,0.988956597
-1.0,4.19867141,0.986563355
-1.0,4.21961517,0.990449677
-1.0,4.24013393,0.98937209
-1.0,4.26119077,0.984804965
-1.0,4.28239268,0.988366926
-1.0,4.30342826,0.991604065
-1.0,4.32431592,0.98922008
-1.0,4.34508479,0.990615561
-1.0,4.36604259,0.993779135
-1.0,4.38708086,0.990378522
-1.0,4.40778797,0.991832112
-1.0,4.4288526,0.987933274
-1.0,4.44994967,0.990412754
-1.0,4.47085438,0.992631513
-1.0,4.49188801,0.991905905
-1.0,4.51250216,0.991376854
-1.0,4.5334461,0.992964268
-1.0,4.55463591,0.99108831
-1.0,4.57547609,0.992866741
-1.0,4.59643311,0.992822941
-1.0,4.61732903,0.992809509
-1.0,4.63833098,0.991389705
-1.0,4.65949324,0.992261505
-1.0,4.68039693,0.993205728
-1.0,4.70136745,0.993687836
-1.0,4.72221533,0.994385063
-1.0,4.74309374,0.994269768
-1.0,4.76390784,0.995392577
-1.0,4.78491795,0.996031694
-1.0,4.80636204,0.992902746
-1.0,4.82728449,0.993770832
-1.0,4.84785524,0.99429084
-1.0,4.86859731,0.992787448
-1.0,4.88954319,0.996332057
-1.0,4.91078695,0.99691489
-1.0,4.93172016,0.997645985
-1.0,4.95244063,0.998219805
-1.0,4.97348932,0.995023249
-1.0,4.994309,0.996925362
-1.0,5.01515697,0.99765518
-1.0,5.03598003,0.998934704
-1.0,5.05703237,1.00050695
-1.0,5.07840332,0.997570712
-1.0,5.09943841,0.997547475
-1.0,5.12032938,0.998167627
-1.0,5.14107614,1.00185824
-1.0,5.16214077,0.99630424
-1.0,5.18341099,0.996802107
-1.0,5.2041075,0.998124779
-1.0,5.22477891,0.998856156
-1.0,5.24557967,1.00211334
-1.0,5.26649236,0.998959892
-1.0,5.28753131,0.999472661
-1.0,5.30847064,1.00039196
-1.0,5.32946745,0.995989139
-1.0,5.3506922,1.00196861
-1.0,5.37158853,0.9996823
-1.0,5.39231925,0.999928786
-1.0,5.41333352,1.00180413
-1.0,5.43434316,0.999181367
-1.0,5.45530659,0.999929999
-1.0,5.47618498,0.99982954
-1.0,5.49715755,1.00245985
-1.0,5.51801586,1.00169076
-1.0,5.53881995,1.00313284
-1.0,5.55992514,1.0031335
-1.0,5.58098545,1.00061674
-1.0,5.60183772,1.0005811
-1.0,5.62277584,1.00177262
-1.0,5.64379172,0.999925881
-1.0,5.66460817,1.00279768
-1.0,5.68556022,1.00145915
-1.0,5.7067909,0.999727672
-1.0,5.72769317,1.00179868
-1.0,5.74840017,1.0020224
-1.0,5.76938192,1.00502722
-1.0,5.79039764,1.00125835
-1.0,5.81144039,1.0047873
-1.0,5.83232115,1.00357377
-1.0,5.85320209,1.00384016
-1.0,5.87418919,1.00402472
-1.0,5.89509625,1.0033934
-1.0,5.9159726,1.00270852
-1.0,5.93682663,1.00279188
-1.0,5.95791772,1.00133143
-1.0,5.97900675,1.00331913
-1.0,5.99978945,1.00149505
-1.0,6.02063577,1.00430614
-1.0,6.04156421,1.00369405
-1.0,6.06259364,1.00294483
-1.0,6.08377541,1.00321245
-1.0,6.10447051,1.00472226
-1.0,6.12538157,1.00007109
-1.0,6.14660689,1.00427824
-1.0,6.16752321,1.00545136
-1.0,6.18833806,1.00219561
-1.0,6.20938667,1.00350248
-1.0,6.23052184,1.00369896
-1.0,6.25137137,1.00269217
-1.0,6.27204484,1.00252044
-1.0,6.29290789,1.00434955
-1.0,6.31382104,1.00148276
-1.0,6.33495691,1.00435635
-1.0,6.35600914,1.00191307
-1.0,6.37663869,0.99908272
-1.0,6.39770954,1.00294767
-1.0,6.41872759,1.00240772
-1.0,6.43951457,1.00275717
-1.0,6.46033562,1.00158245
-1.0,6.4814564,1.00265733
-1.0,6.50265681,1.00585756
-1.0,6.52350383,1.00140642
-1.0,6.54427866,1.00426003
-1.0,6.56515568,1.00204847
-1.0,6.58628576,0.999710884
-1.0,6.60749316,1.00349767
-1.0,6.62830625,1.00082385
-1.0,6.64913567,1.00074584
-1.0,6.67020149,1.0016681
-1.0,6.69106898,1.00292902
-1.0,6.71185955,1.00254
-1.0,6.73264651,1.0015285
-1.0,6.7537045,1.00442563
-1.0,6.77487174,1.00052802
-1.0,6.79557562,1.00030691
-1.0,6.81648781,1.00257068
-1.0,6.83753747,0.999975408
-1.0,6.85867557,1.00011968
-1.0,6.87985316,1.00179226
-1.0,6.90065786,1.00248445
-1.0,6.92153112,1.00053222
-1.0,6.94229803,0.999639652
-1.0,6.9630016,1.00167285
-1.0,6.98416877,1.00001338
-1.0,7.0052781,1.00127961
-1.0,7.02617612,1.00274166
-1.0,7.04699526,0.998889674
-1.0,7.06761685,1.0032555
-1.0,7.08873369,1.00041834
-1.0,7.10994937,1.00090789
-1.0,7.13102893,1.00156718
-1.0,7.15201412,0.999945823
-1.0,7.17271336,1.00278642
-1.0,7.19374266,0.998813725
-1.0,7.21473042,1.00090659
-1.0,7.23564263,0.999868852
-1.0,7.25666289,1.00058622
-1.0,7.27757645,0.999063146
-1.0,7.2984411,1.00077909
-1.0,7.31917384,1.00360666
-1.0,7.34001688,0.999601258
-1.0,7.3611683,0.999282794
-1.0,7.38224284,0.998490633
-1.0,7.40324015,1.00114373
-1.0,7.42408854,1.00081573
-1.0,7.44500634,1.0003105
-1.0,7.46595959,1.00103293
-1.0,7.48696308,0.998626158
-1.0,7.5079936,0.999385031
-1.0,7.52871967,1.0017902
-1.0,7.54966921,0.998167131
-1.0,7.57064902,1.00197747
-1.0,7.59151428,0.999728999
-1.0,7.6123809,1.0012234
-1.0,7.63338324,1.00080627
-1.0,7.65450532,1.00034135
-1.0,7.67556944,0.999320264
-1.0,7.69637751,1.00042951
-1.0,7.71727216,1.00033834
-1.0,7.73835725,1.00026778
-1.0,7.75934923,0.998597895
-1.0,7.78023116,0.99792996
-1.0,7.80098697,0.996444794
-1.0,7.82190677,1.00387497
-1.0,7.84304931,0.998273573
-1.0,7.86405132,0.997763036
-1.0,7.88484553,0.998827244
-1.0,7.90574885,1.00111065
-1.0,7.9267531,0.99883828
-1.0,7.94765228,0.997667352
-1.0,7.96842304,0.998971944
-1.0,7.98938616,0.999616571
-1.0,8.01050815,0.998992967
-1.0,8.03153334,0.999411298
-1.0,8.05240251,1.00060696
-1.0,8.07332696,0.997226962
-1.0,8.09438514,0.998493987
-1.0,8.11529588,1.00171546
-1.0,8.13618411,0.998469173
-1.0,8.15717855,0.997752888
-1.0,8.17807847,0.999537158
-1.0,8.19905269,0.997250631
-1.0,8.21991085,0.998369059
-1.0,8.24078529,0.999437798
-1.0,8.26195652,0.998270096
-1.0,8.28293039,0.996829649
-1.0,8.30373423,1.00130173
-1.0,8.32452583,0.998283291
-1.0,8.34556221,0.999523383
-1.0,8.36671927,0.997964939
-1.0,8.38757523,0.994792159
-1.0,8.40855808,0.998758096
-1.0,8.42953585,0.999020242
-1.0,8.45042977,0.997176423
-1.0,8.47138662,0.998575588
-1.0,8.49217243,0.998877159
-1.0,8.51321806,1.00055451
-1.0,8.53421183,1.00042614
-1.0,8.55508292,0.998716649
-1.0,8.57598662,0.999033884
-1.0,8.59679232,0.998067733
-1.0,8.61783107,1.00057858
-1.0,8.63891768,0.998860151
-1.0,8.65972861,1.0011398
-1.0,8.68059853,0.997575923
-1.0,8.70174168,0.998971242
-1.0,8.72279566,0.997491722
-1.0,8.74359241,0.996075122
-1.0,8.76424415,0.99838257
-1.0,8.78526729,0.998676575
-1.0,8.80637189,0.996059673
-1.0,8.82736896,0.999911082
-1.0,8.84843212,0.999819671
-1.0,8.86933197,0.996910974
-1.0,8.89026857,0.997842942
-1.0,8.91123702,0.997797019
-1.0,8.93214776,0.997065754
-1.0,8.95312097,0.999128939
-1.0,8.9741304,0.998553593
-1.0,8.99505705,0.999054428
-1.0,9.01571368,0.998321197
-1.0,9.03640927,0.998669346
-1.0,9.05755121,0.995457599
-1.0,9.07868023,0.994938003
-1.0,9.09969513,0.998468451
-1.0,9.1205658,0.998444446
-1.0,9.14137844,0.998939724
-1.0,9.16237082,0.99790831
-1.0,9.18339441,0.998637318
-1.0,9.20447395,0.998838658
-1.0,9.22549281,0.998516287
-1.0,9.2463962,1.00013313
-1.0,9.26722673,0.996497546
-1.0,9.28791689,0.995973575
-1.0,9.30892724,0.99698998
-1.0,9.33003065,0.996932446
-1.0,9.35102864,1.0010247
-1.0,9.37196601,1.0008084
-1.0,9.39258783,0.997785995
-1.0,9.41349621,0.997586382
-1.0,9.4347927,0.999349939
-1.0,9.45587737,0.997676874
-1.0,9.47676866,0.998793006
-1.0,9.49762777,0.999663384
-1.0,9.51852362,1.00028878
-1.0,9.53939795,0.998384321
-1.0,9.56035551,0.997750461
-1.0,9.58149741,0.996867311
-1.0,9.60249587,0.998929412
-1.0,9.62336478,0.999339327
-1.0,9.64415055,1.00087568
-1.0,9.66502224,0.996753593
-1.0,9.68597433,0.998598564
-1.0,9.7069728,0.998558832
-1.0,9.72797765,0.999727156
-1.0,9.74896401,0.996600948
-1.0,9.76996217,0.994162593
-1.0,9.79085678,0.999509083
-1.0,9.81166698,0.997809662
-1.0,9.83262494,0.997589886
-1.0,9.85372265,0.99919385
-1.0,9.87472665,1.00039937
-1.0,9.89559934,1.0012004
-1.0,9.91635289,1.00015327
-1.0,9.93737645,0.999591228
-1.0,9.95856995,0.997936724
-1.0,9.97940815,0.999908866
-1.0,10.000082,0.999173633
-0.8,0.0252815853,0.0119111025
-0.8,0.0486976344,0.0115248269
-0.8,0.0692644017,0.0118506954
-0.8,0.08877835,0.0126539227
-0.8,0.111604297,0.0132342055
-0.8,0.132731806,0.0144137467
-0.8,0.153672181,0.0159273231
-0.8,0.175641863,0.0169450218
-0.8,0.196615509,0.0183340457
-0.8,0.217326708,0.0204762298
-0.8,0.237538457,0.0222356941
-0.8,0.258148683,0.0244487532
-0.8,0.28040349,0.027019089
-0.8,0.301929084,0.0295220771
-0.8,0.322287413,0.0319422471
-0.8,0.342663331,0.0342869084
-0.8,0.363641289,0.0375176403
-0.8,0.385602948,0.0410146372
-0.8,0.406737165,0.0443095317
-0.8,0.427001871,0.0480358075
-0.8,0.448754416,0.0518706888
-0.8,0.469601745,0.0555729154
-0.8,0.489805379,0.0594878339
-0.8,0.510302494,0.0638171542
-0.8,0.53178319,0.0677618794
-0.8,0.553922362,0.0732714321
-0.8,0.574670041,0.0776212135
-0.8,0.594645701,0.0824392373
-0.8,0.615540037,0.0871545857
-0.8,0.636554081,0.0924770844
-0.8,0.658102417,0.0991808369
-0.8,0.679189641,0.103472528
-0.8,0.700054044,0.110870366
-0.8,0.721329826,0.116602215
-0.8,0.742033923,0.123519729
-0.8,0.762614581,0.129108732
-0.8,0.783270495,0.135327239
-0.8,0.804783918,0.143365576
-0.8,0.826095906,0.150149935
-0.8,0.846303977,0.155790419
-0.8,0.867174819,0.164560825
-0.8,0.888413258,0.171415886
-0.8,0.909910564,0.181055528
-0.8,0.931134698,0.188830108
-0.8,0.951563161,0.197605284
-0.8,0.972160451,0.205261422
-0.8,0.993008165,0.212371504
-0.8,1.0140906,0.224693261
-0.8,1.03500338,0.232279602
-0.8,1.05657413,0.243640624
-0.8,1.07789814,0.254564054
-0.8,1.09835045,0.26373037
-0.8,1.11903902,0.271777196
-0.8,1.1396405,0.283157875
-0.8,1.16109193,0.294242001
-0.8,1.18227503,0.306458535
-0.8,1.2030555,0.317312188
-0.8,1.22375183,0.32847973
-0.8,1.24453484,0.3394294
-0.8,1.26570671,0.35370727
-0.8,1.28693994,0.364067592
-0.8,1.30807124,0.376778903
-0.8,1.32889646,0.390969249
-0.8,1.34945121,0.402735932
-0.8,1.37055188,0.416035324
-0.8,1.39148285,0.429248106
-0.8,1.41220445,0.44278706
-0.8,1.43352474,0.456480109
-0.8,1.45454751,0.46657813
-0.8,1.47511055,0.482251536
-0.8,1.49566583,0.498850672
-0.8,1.51690776,0.508937601
-0.8,1.53826425,0.52720049
-0.8,1.55931449,0.539780284
-0.8,1.58012172,0.553818884
-0.8,1.60114355,0.569867251
-0.8,1.62229155,0.583714168
-0.8,1.64295947,0.594050218
-0.8,1.66366432,0.612381818
-0.8,1.68478217,0.621816839
-0.8,1.7057485,0.640521692
-0.8,1.72683745,0.653553748
-0.8,1.74765849,0.664302575
-0.8,1.76847487,0.67814874
-0.8,1.78961871,0.691793767
-0.8,1.81086098,0.703618622
-0.8,1.83179094,0.71637013
-0.8,1.8521746,0.732759649
-0.8,1.8733654,0.740838231
-0.8,1.89455538,0.754657435
-0.8,1.91534795,0.767437261
-0.8,1.93623233,0.777873925
-0.8,1.9571481,0.792557127
-0.8,1.97825109,0.802221137
-0.8,1.99905898,0.810342424
-0.8,2.01966715,0.818586809
-0.8,2.04082415,0.831287533
-0.8,2.06193171,0.838930022
-0.8,2.08296048,0.851878685
-0.8,2.10383017,0.858558855
-0.8,2.12494312,0.868787256
-0.8,2.14618475,0.871628497
-0.8,2.16679298,0.87916816
-0.8,2.18753482,0.886306031
-0.8,2.20847027,0.894581251
-0.8,2.22955181,0.902472401
-0.8,2.25078374,0.903650438
-0.8,2.27150159,0.913480291
-0.8,2.29205574,0.912195353
-0.8,2.31294326,0.922014392
-0.8,2.3340363,0.925241702
-0.8,2.35514399,0.928712642
-0.8,2.37607726,0.936219071
-0.8,2.39730341,0.935262013
-0.8,2.41857203,0.940749888
-0.8,2.43911056,0.945363448
-0.8,2.45988005,0.947724791
-0.8,2.48094151,0.946232043
-0.8,2.50196601,0.95235438
-0.8,2.52300496,0.950513262
-0.8,2.54340089,0.960942576
-0.8,2.56415297,0.96049634
-0.8,2.58575836,0.962447993
-0.8,2.60684428,0.967579007
-0.8,2.62775949,0.965173332
-0.8,2.64834355,0.964900935
-0.8,2.66912062,0.96853936
-0.8,2.69039946,0.969398332
-0.8,2.71121518,0.970441523
-0.8,2.7321837,0.968588292
-0.8,2.75306239,0.97364073
-0.8,2.77427049,0.975589149
-0.8,2.79557932,0.974211885
-0.8,2.8160646,0.972573694
-0.8,2.83689478,0.972251284
-0.8,2.85801727,0.976541568
-0.8,2.87906973,0.977667522
-0.8,2.89996898,0.976882383
-0.8,2.92062944,0.974440027
-0.8,2.941605,0.975002544
-0.8,2.96267076,0.980529959
-0.8,2.98347442,0.981172664
-0.8,3.00437656,0.976323682
-0.8,3.02542142,0.976352187
-0.8,3.04658726,0.979755976
-0.8,3.06768101,0.977365273
-0.8,3.088328,0.981543216
-0.8,3.10931167,0.978632368
-0.8,3.1305457,0.976131085
-0.8,3.15150209,0.97931978
-0.8,3.17219014,0.980349899
-0.8,3.19299024,0.978852903
-0.8,3.21390436,0.97777137
-0.8,3.23506564,0.97914724
-0.8,3.25605387,0.980898002
-0.8,3.27685776,0.97690236
-0.8,3.29794723,0.976237472
-0.8,3.31884778,0.980500697
-0.8,3.33944269,0.98152379
-0.8,3.36030612,0.982133926
-0.8,3.38171654,0.980884593
-0.8,3.40297495,0.97836865
-0.8,3.42370792,0.981163992
-0.8,3.44440875,0.983270765
-0.8,3.465315,0.982140018
-0.8,3.4865867,0.982010307
-0.8,3.50751221,0.982187183
-0.8,3.52796741,0.980227091
-0.8,3.5488788,0.981920182
-0.8,3.57014151,0.980326708
-0.8,3.59120365,0.979013041
-0.8,3.61190928,0.983442116
-0.8,3.63300558,0.982959487
-0.8,3.6541422,0.982144885
-0.8,3.67500902,0.982837895
-0.8,3.69581564,0.984323328
-0.8,3.71644729,0.985263226
-0.8,3.73749774,0.981307919
-0.8,3.75868086,0.984771628
-0.8,3.77950549,0.982894555
-0.8,3.80027286,0.984347772
-0.8,3.82143123,0.984090182
-0.8,3.84280481,0.983779654
-0.8,3.86349282,0.983055144
-0.8,3.88417456,0.989264843
-0.8,3.90535419,0.98601058
-0.8,3.9264697,0.984311132
-0.8,3.94738681,0.983810029
-0.8,3.96810309,0.99006689
-0.8,3.98888694,0.986917604
-0.8,4.00993371,0.987432628
-0.8,4.03080983,0.987837773
-0.8,4.05178039,0.989951993
-0.8,4.07276799,0.985055864
-0.8,4.09368684,0.986735244
-0.8,4.11485609,0.989209602
-0.8,4.13583188,0.98913556
-0.8,4.15670688,0.987979364
-0.8,4.17758774,0.989920134
-0.8,4.19867141,0.986107715
-0.8,4.21961517,0.990809036
-0.8,4.24013393,0.987783833
-0.8,4.26119077,0.988681442
-0.8,4.28239268,0.989346163
-0.8,4.30342826,0.991179961
-0.8,4.32431592,0.988314077
-0.8,4.34508479,0.98827327
-0.8,4.36604259,0.989914788
-0.8,4.38708086,0.987576388
-0.8,4.40778797,0.989188176
-0.8,4.4288526,0.987985077
-0.8,4.44994967,0.992263207
-0.8,4.47085438,0.990713809
-0.8,4.49188801,0.989395598
-0.8,4.51250216,0.993840599
-0.8,4.5334461,0.99027829
-0.8,4.55463591,0.99195136
-0.8,4.57547609,0.996869375
-0.8,4.59643311,0.993883222
-0.8,4.61732903,0.991626365
-0.8,4.63833098,0.991897167
-0.8,4.65949324,0.994514546
-0.8,4.68039693,0.993641094
-0.8,4.70136745,0.993244625
-0.8,4.72221533,0.994627369
-0.8,4.74309374,0.993868375
-0.8,4.76390784,0.996610757
-0.8,4.78491795,0.9952278
-0.8,4.80636204,0.993761681
-0.8,4.82728449,0.997496792
-0.8,4.84785524,0.995266703
-0.8,4.86859731,0.996939942
-0.8,4.88954319,0.997800666
-0.8,4.91078695,0.996335682
-0.8,4.93172016,0.997136621
-0.8,4.95244063,0.999544468
-0.8,4.97348932,0.995895537
-0.8,4.994309,0.99664315
-0.8,5.01515697,0.997364856
-0.8,5.03598003,0.997160859
-0.8,5.05703237,0.999184668
-0.8,5.07840332,0.99522834
-0.8,5.09943841,0.998373738
-0.8,5.12032938,0.997572947
-0.8,5.14107614,0.998088626
-0.8,5.16214077,0.99585879
-0.8,5.18341099,1.00078362
-0.8,5.2041075,0.996737069
-0.8,5.22477891,1.00034487
-0.8,5.24557967,0.995436194
-0.8,5.26649236,0.999194389
-0.8,5.28753131,1.00144726
-0.8,5.30847064,0.999192888
-0.8,5.32946745,1.00199604
-0.8,5.3506922,0.999136297
-0.8,5.37158853,1.00156572
-0.8,5.39231925,1.00046048
-0.8,5.41333352,1.00307693
-0.8,5.43434316,1.00032695
-0.8,5.45530659,1.00082463
-0.8,5.47618498,1.00182538
-0.8,5.49715755,1.0025992
-0.8,5.51801586,1.00035638
-0.8,5.53881995,0.998270285
-0.8,5.55992514,1.0005567
-0.8,5.58098545,1.00157392
-0.8,5.60183772,1.00184752
-0.8,5.62277584,1.00070451
-0.8,5.64379172,1.00421353
-0.8,5.66460817,1.00464583
-0.8,5.68556022,1.00278516
-0.8,5.7067909,1.005188
-0.8,5.72769317,1.00151734
-0.8,5.74840017,1.00148227
-0.8,5.76938192,1.00185343
-0.8,5.79039764,1.00439541
-0.8,5.81144039,1.00403602
-0.8,5.83232115,1.00249498
-0.8,5.85320209,1.0037832
-0.8,5.87418919,1.00372727
-0.8,5.89509625,1.00080773
-0.8,5.9159726,1.00400373
-0.8,5.93682663,1.00275117
-0.8,5.95791772,1.00301782
-0.8,5.97900675,1.00244526
-0.8,5.99978945,1.00436263
-0.8,6.02063577,1.00418004
-0.8,6.04156421,1.00154435
-0.8,6.06259364,1.00077098
-0.8,6.08377541,1.00161821
-0.8,6.10447051,1.00399186
-0.8,6.12538157,1.00262113
-0.8,6.14660689,1.00393596
-0.8,6.16752321,0.999403376
-0.8,6.18833806,1.00396401
-0.8,6.20938667,1.00115375
-0.8,6.23052184,1.00381743
-0.8,6.25137137,1.00269561
-0.8,6.27204484,1.00140147
-0.8,6.29290789,1.00289195
-0.8,6.31382104,1.00290096
-0.8,6.33495691,0.9994608
-0.8,6.35600914,1.0019354
-0.8,6.37663869,1.00375211
-0.8,6.39770954,1.00210825
-0.8,6.41872759,1.00403186
-0.8,6.43951457,1.00087937
-0.8,6.46033562,1.00138441
-0.8,6.4814564,1.00002671
-0.8,6.50265681,1.00037641
-0.8,6.52350383,1.0036731
-0.8,6.54427866,1.00294082
-0.8,6.56515568,1.00128707
-0.8,6.58628576,1.00337596
-0.8,6.60749316,1.00193856
-0.8,6.62830625,1.0019964
-0.8,6.64913567,1.00321102
-0.8,6.67020149,1.00291241
-0.8,6.69106898,1.00282545
-0.8,6.71185955,1.00150363
-0.8,6.73264651,1.00288106
-0.8,6.7537045,1.00273055
-0.8,6.77487174,0.999811089
-0.8,6.79557562,1.00266153
-0.8,6.81648781,1.00193609
-0.8,6.83753747,1.0017868
-0.8,6.85867557,1.00181769
-0.8,6.87985316,0.998711097
-0.8,6.90065786,1.00220482
-0.8,6.92153112,0.99886554
-0.8,6.94229803,0.999610998
-0.8,6.9630016,1.00048295
-0.8,6.98416877,1.00165525
-0.8,7.0052781,0.99986244
-0.8,7.02617612,1.00283934
-0.8,7.04699526,1.00065967
-0.8,7.06761685,1.00065327
-0.8,7.08873369,1.00144214
-0.8,7.10994937,1.00179629
-0.8,7.13102893,0.998397398
-0.8,7.15201412,1.00336201
-0.8,7.17271336,1.00210691
-0.8,7.19374266,1.00263885
-0.8,7.21473042,1.00122294
-0.8,7.23564263,1.00203433
-0.8,7.25666289,1.00119016
-0.8,7.27757645,0.998963335
-0.8,7.2984411,0.998764552
-0.8,7.31917384,1.00176171
-0.8,7.34001688,0.998258004
-0.8,7.3611683,1.00153306
-0.8,7.38224284,1.00247334
-0.8,7.40324015,0.996326116
-0.8,7.42408854,1.00037998
-0.8,7.44500634,1.00239912
-0.8,7.46595959,0.99962811
-0.8,7.48696308,0.998228275
-0.8,7.5079936,0.99959338
-0.8,7.52871967,0.999484349
-0.8,7.54966921,1.00031076
-0.8,7.57064902,0.997331477
-0.8,7.59151428,1.00025062
-0.8,7.6123809,1.00093491
-0.8,7.63338324,1.0007583
-0.8,7.65450532,0.999056476
-0.8,7.67556944,0.999605441
-0.8,7.69637751,0.997525068
-0.8,7.71727216,0.999485395
-0.8,7.73835725,0.999389353
-0.8,7.75934923,0.997391763
-0.8,7.78023116,0.999906711
-0.8,7.80098697,0.999547277
-0.8,7.82190677,0.997146692
-0.8,7.84304931,0.999400643
-0.8,7.86405132,0.998241056
-0.8,7.88484553,0.998650978
-0.8,7.90574885,0.997891343
-0.8,7.9267531,0.99860637
-0.8,7.94765228,1.00012411
-0.8,7.96842304,1.00092649
-0.8,7.98938616,0.997736571
-0.8,8.01050815,1.00097972
-0.8,8.03153334,0.999777549
-0.8,8.05240251,0.99567755
-0.8,8.07332696,1.00075214
-0.8,8.09438514,0.999083465
-0.8,8.11529588,0.99771869
-0.8,8.13618411,0.998783119
-0.8,8.15717855,1.00206612
-0.8,8.17807847,0.999567871
-0.8,8.19905269,0.998473912
-0.8,8.21991085,0.999484836
-0.8,8.24078529,0.999023628
-0.8,8.26195652,0.998601307
-0.8,8.28293039,1.00015384
-0.8,8.30373423,0.998320169
-0.8,8.32452583,0.999116944
-0.8,8.34556221,0.998806197
-0.8,8.36671927,0.997401516
-0.8,8.38757523,0.9989594
-0.8,8.40855808,0.997827043
-0.8,8.42953585,0.997764095
-0.8,8.45042977,0.997487119
-0.8,8.47138662,0.99744621
-0.8,8.49217243,0.998092996
-0.8,8.51321806,0.998707449
-0.8,8.53421183,0.998762556
-0.8,8.55508292,0.999150347
-0.8,8.57598662,0.999760037
-0.8,8.59679232,0.997964977
-0.8,8.61783107,0.999261701
-0.8,8.63891768,0.999702306
-0.8,8.65972861,0.99725981
-0.8,8.68059853,0.998551862
-0.8,8.70174168,0.997382077
-0.8,8.72279566,0.999164618
-0.8,8.74359241,0.99770913
-0.8,8.76424415,0.994553161
-0.8,8.78526729,0.995709919
-0.8,8.80637189,0.998962654
-0.8,8.82736896,0.999625929
-0.8,8.84843212,1.00111145
-0.8,8.86933197,0.99742954
-0.8,8.89026857,0.999722762
-0.8,8.91123702,0.998185513
-0.8,8.93214776,0.99891299
-0.8,8.95312097,0.998295682
-0.8,8.9741304,0.997019498
-0.8,8.99505705,0.998168997
-0.8,9.01571368,0.997939776
-0.8,9.03640927,0.999517331
-0.8,9.05755121,0.996618486
-0.8,9.07868023,0.99796561
-0.8,9.09969513,0.998583378
-0.8,9.1205658,0.9973715
-0.8,9.14137844,0.999065551
-0.8,9.16237082,0.998108056
-0.8,9.18339441,0.997982626
-0.8,9.20447395,0.99888692
-0.8,9.22549281,0.99933945
-0.8,9.2463962,0.999624338
-0.8,9.26722673,0.998258536
-0.8,9.28791689,0.998634996
-0.8,9.30892724,0.998024411
-0.8,9.33003065,0.998706654
-0.8,9.35102864,0.999733471
-0.8,9.37196601,0.997853933
-0.8,9.39258783,0.997974418
-0.8,9.41349621,0.999203315
-0.8,9.4347927,0.99761
-0.8,9.45587737,0.997070559
-0.8,9.47676866,0.998114268
-0.8,9.49762777,1.00010948
-0.8,9.51852362,0.999086365
-0.8,9.53939795,0.996335457
-0.8,9.56035551,0.998747574
-0.8,9.58149741,0.997832623
-0.8,9.60249587,1.00022476
-0.8,9.62336478,0.998344578
-0.8,9.64415055,0.996145476
-0.8,9.66502224,0.998954296
-0.8,9.68597433,0.996792593
-0.8,9.7069728,0.998270495
-0.8,9.72797765,0.998525152
-0.8,9.74896401,1.00036431
-0.8,9.76996217,1.00038491
-0.8,9.79085678,0.997187151
-0.8,9.81166698,0.997978218
-0.8,9.83262494,0.999200254
-0.8,9.85372265,0.99762103
-0.8,9.87472665,0.999334303
-0.8,9.89559934,0.998503804
-0.8,9.91635289,1.0008863
-0.8,9.93737645,0.999701398
-0.8,9.95856995,0.999218874
-0.8,9.97940815,0.999113263
-0.8,10.000082,0.999472647
-0.6,0.0252815853,0.0221943551
-0.6,0.0486976344,0.022593341
-0.6,0.0692644017,0.0232502638
-0.6,0.08877835,0.0230387762
-0.6,0.111604297,0.0240705466
-0.6,0.132731806,0.0249669337
-0.6,0.153672181,0.0261844848
-0.6,0.175641863,0.0272934545
-0.6,0.196615509,0.0288571969
-0.6,0.217326708,0.0310993938
-0.6,0.237538457,0.0320554272
-0.6,0.258148683,0.0345492447
-0.6,0.28040349,0.0368337551
-0.6,0.301929084,0.0394057557
-0.6,0.322287413,0.0417465925
-0.6,0.342663331,0.0446473188
-0.6,0.363641289,0.0471248016
-0.6,0.385602948,0.049970243
-0.6,0.406737165,0.0536084147
-0.6,0.427001871,0.0571451259
-0.6,0.448754416,0.0604731037
-0.6,0.469601745,0.0647005173
-0.6,0.489805379,0.0678799483
-0.6,0.510302494,0.0714222594
-0.6,0.53178319,0.076156502
-0.6,0.553922362,0.0810187586
-0.6,0.574670041,0.0850343673
-0.6,0.594645701,0.0893259923
-0.6,0.615540037,0.094561841
-0.6,0.636554081,0.100232912
-0.6,0.658102417,0.106124113
-0.6,0.679189641,0.110429811
-0.6,0.700054044,0.116494659
-0.6,0.721329826,0.121964723
-0.6,0.742033923,0.12792275
-0.6,0.762614581,0.135069157
-0.6,0.783270495,0.141015823
-0.6,0.804783918,0.146604205
-0.6,0.826095906,0.155128056
-0.6,0.846303977,0.162511647
-0.6,0.867174819,0.168351348
-0.6,0.888413258,0.177025641
-0.6,0.909910564,0.184044457
-0.6,0.931134698,0.191813763
-0.6,0.951563161,0.200888963
-0.6,0.972160451,0.207680765
-0.6,0.993008165,0.216177046
-0.6,1.0140906,0.224389281
-0.6,1.03500338,0.234924062
-0.6,1.05657413,0.245537087
-0.6,1.07789814,0.25535846
-0.6,1.09835045,0.262591797
-0.6,1.11903902,0.272930147
-0.6,1.1396405,0.281702184
-0.6,1.16109193,0.294508489
-0.6,1.18227503,0.305279843
-0.6,1.2030555,0.317133507
-0.6,1.22375183,0.325376105
-0.6,1.24453484,0.338312186
-0.6,1.26570671,0.348538186
-0.6,1.28693994,0.360644432
-0.6,1.30807124,0.372616246
-0.6,1.32889646,0.384520016
-0.6,1.34945121,0.39765181
-0.6,1.37055188,0.408835082
-0.6,1.39148285,0.422351002
-0.6,1.41220445,0.435137951
-0.6,1.43352474,0.449680384
-0.6,1.45454751,0.461017255
-0.6,1.47511055,0.476679113
-0.6,1.49566583,0.488444059
-0.6,1.51690776,0.500391854
-0.6,1.53826425,0.51504225
-0.6,1.55931449,0.527987506
-0.6,1.58012172,0.540230001
-0.6,1.60114355,0.555421033
-0.6,1.62229155,0.571602713
-0.6,1.64295947,0.582705466
-0.6,1.66366432,0.597725654
-0.6,1.68478217,0.610769011
-0.6,1.7057485,0.625372435
-0.6,1.72683745,0.639912264
-0.6,1.74765849,0.651362642
-0.6,1.76847487,0.66492417
-0.6,1.78961871,0.677652477
-0.6,1.81086098,0.688725941
-0.6,1.83179094,0.702826143
-0.6,1.8521746,0.716631804
-0.6,1.8733654,0.725281474
-0.6,1.89455538,0.740097012
-0.6,1.91534795,0.747540469
-0.6,1.93623233,0.759338027
-0.6,1.9571481,0.769951506
-0.6,1.97825109,0.779248035
-0.6,1.99905898,0.790709955
-0.6,2.01966715,0.800799648
-0.6,2.04082415,0.813857717
-0.6,2.06193171,0.820955437
-0.6,2.08296048,0.829217075
-0.6,2.10383017,0.840720344
-0.6,2.12494312,0.846910893
-0.6,2.14618475,0.855929662
-0.6,2.16679298,0.861555231
-0.6,2.18753482,0.867279666
-0.6,2.20847027,0.875875492
-0.6,2.22955181,0.885526552
-0.6,2.25078374,0.887471122
-0.6,2.27150159,0.892951431
-0.6,2.29205574,0.897205421
-0.6,2.31294326,0.905151819
-0.6,2.3340363,0.908147383
-0.6,2.35514399,0.913669648
-0.6,2.37607726,0.917709142
-0.6,2.39730341,0.924774519
-0.6,2.41857203,0.925152006
-0.6,2.43911056,0.929607954
-0.6,2.45988005,0.931287432
-0.6,2.48094151,0.933740024
-0.6,2.50196601,0.935625254
-0.6,2.52300496,0.939967538
-0.6,2.54340089,0.945133677
-0.6,2.56415297,0.942534985
-0.6,2.58575836,0.94538206
-0.6,2.60684428,0.94793491
-0.6,2.62775949,0.949649329
-0.6,2.64834355,0.953109851
-0.6,2.66912062,0.952684457
-0.6,2.69039946,0.960098204
-0.6,2.71121518,0.951980252
-0.6,2.7321837,0.958452583
-0.6,2.75306239,0.95588591
-0.6,2.77427049,0.958541355
-0.6,2.79557932,0.957931627
-0.6,2.8160646,0.96249637
-0.6,2.83689478,0.9667301
-0.6,2.85801727,0.965696308
-0.6,2.87906973,0.967740615
-0.6,2.89996898,0.961444877
-0.6,2.92062944,0.96600408
-0.6,2.941605,0.965658393
-0.6,2.96267076,0.96885373
-0.6,2.98347442,0.969293035
-0.6,3.00437656,0.968202323
-0.6,3.02542142,0.970195914
-0.6,3.04658726,0.97247845
-0.6,3.06768101,0.970021898
-0.6,3.088328,0.972277438
-0.6,3.10931167,0.967847202
-0.6,3.1305457,0.97372307
-0.6,3.15150209,0.972061899
-0.6,3.17219014,0.97584895
-0.6,3.19299024,0.97387585
-0.6,3.21390436,0.972851173
-0.6,3.23506564,0.970163964
-0.6,3.25605387,0.969704192
-0.6,3.27685776,0.971385725
-0.6,3.29794723,0.971706342
-0.6,3.31884778,0.97838945
-0.6,3.33944269,0.976680018
-0.6,3.36030612,0.973829049
-0.6,3.38171654,0.977496009
-0.6,3.40297495,0.975003864
-0.6,3.42370792,0.974641993
-0.6,3.44440875,0.976156205
-0.6,3.465315,0.977506336
-0.6,3.4865867,0.974041832
-0.6,3.50751221,0.977122866
-0.6,3.52796741,0.976234049
-0.6,3.5488788,0.977377573
-0.6,3.57014151,0.978334757
-0.6,3.59120365,0.97664161
-0.6,3.61190928,0.98071982
-0.6,3.63300558,0.977263195
-0.6,3.6541422,0.978431119
-0.6,3.67500902,0.979235499
-0.6,3.69581564,0.978892224
-0.6,3.71644729,0.98235725
-0.6,3.73749774,0.97912954
-0.6,3.75868086,0.979523447
-0.6,3.77950549,0.981384272
-0.6,3.80027286,0.981932629
-0.6,3.82143123,0.980581454
-0.6,3.84280481,0.982358674
-0.6,3.86349282,0.983840314
-0.6,3.88417456,0.982510146
-0.6,3.90535419,0.983398202
-0.6,3.9264697,0.984917759
-0.6,3.94738681,0.98735635
-0.6,3.96810309,0.985793445
-0.6,3.98888694,0.985231639
-0.6,4.00993371,0.987794348
-0.6,4.03080983,0.987868887
-0.6,4.05178039,0.98703516
-0.6,4.07276799,0.985302279
-0.6,4.09368684,0.984144377
-0.6,4.11485609,0.986773231
-0.6,4.13583188,0.986763699
-0.6,4.15670688,0.986328065
-0.6,4.17758774,0.988085958
-0.6,4.19867141,0.989087945
-0.6,4.21961517,0.989968207
-0.6,4.24013393,0.987426675
-0.6,4.26119077,0.98916525
-0.6,4.28239268,0.98980423
-0.6,4.30342826,0.988037999
-0.6,4.32431592,0.990427119
-0.6,4.34508479,0.991706997
-0.6,4.36604259,0.9885159
-0.6,4.38708086,0.990144868
-0.6,4.40778797,0.989070013
-0.6,4.4288526,0.990792513
-0.6,4.44994967,0.990516854
-0.6,4.47085438,0.991616527
-0.6,4.49188801,0.99333978
-0.6,4.51250216,0.994949219
-0.6,4.5334461,0.99356893
-0.6,4.55463591,0.994494661
-0.6,4.57547609,0.99126245
-0.6,4.59643311,0.993508049
-0.6,4.61732903,0.993635333
-0.6,4.63833098,0.995586395
-0.6,4.65949324,0.993110516
-0.6,4.68039693,0.998927551
-0.6,4.70136745,0.996663473
-0.6,4.72221533,0.995401476
-0.6,4.74309374,0.994008525
-0.6,4.76390784,0.995805559
-0.6,4.78491795,0.995301695
-0.6,4.80636204,0.996437031
-0.6,4.82728449,0.995842383
-0.6,4.84785524,0.995959204
-0.6,4.86859731,0.995365188
-0.6,4.88954319,0.994883014
-0.6,4.91078695,0.99578587
-0.6,4.93172016,0.997306225
-0.6,4.95244063,0.995716339
-0.6,4.97348932,0.996563932
-0.6,4.994309,0.995258701
-0.6,5.01515697,0.999785034
-0.6,5.03598003,0.998026724
-0.6,5.05703237,1.00132992
-0.6,5.07840332,0.999347342
-0.6,5.09943841,0.998126848
-0.6,5.12032938,1.00324158
-0.6,5.14107614,0.998104893
-0.6,5.16214077,1.00103529
-0.6,5.18341099,1.00149822
-0.6,5.2041075,0.999517662
-0.6,5.22477891,0.999751396
-0.6,5.24557967,0.998376646
-0.6,5.26649236,1.00217282
-0.6,5.28753131,1.00076907
-0.6,5.30847064,1.00252809
-0.6,5.32946745,0.998593057
-0.6,5.3506922,1.00133567
-0.6,5.37158853,0.997328168
-0.6,5.39231925,1.0032137
-0.6,5.41333352,1.00314588
-0.6,5.43434316,1.00097251
-0.6,5.45530659,1.00033442
-0.6,5.47618498,1.00394722
-0.6,5.49715755,1.00184629
-0.6,5.51801586,1.00192063
-0.6,5.53881995,0.999803027
-0.6,5.55992514,1.00184816
-0.6,5.58098545,1.00016593
-0.6,5.60183772,0.999184168
-0.6,5.62277584,1.00160918
-0.6,5.64379172,1.00295749
-0.6,5.66460817,1.00040663
-0.6,5.68556022,1.00160749
-0.6,5.7067909,1.00140723
-0.6,5.72769317,1.00242373
-0.6,5.74840017,1.0042132
-0.6,5.76938192,1.00300965
-0.6,5.79039764,1.00262587
-0.6,5.81144039,1.0051122
-0.6,5.83232115,1.00099355
-0.6,5.85320209,1.00469882
-0.6,5.87418919,0.998268029
-0.6,5.89509625,1.00308968
-0.6,5.9159726,1.00379545
-0.6,5.93682663,1.0024223
-0.6,5.95791772,1.00162397
-0.6,5.97900675,1.00409827
-0.6,5.99978945,1.00288293
-0.6,6.02063577,1.00162813
-0.6,6.04156421,1.00292901
-0.6,6.06259364,1.00294162
-0.6,6.08377541,1.00585847
-0.6,6.10447051,1.00488944
-0.6,6.12538157,1.00214684
-0.6,6.14660689,1.00198597
-0.6,6.16752321,1.00394885
-0.6,6.18833806,1.00596236
-0.6,6.20938667,1.00513376
-0.6,6.23052184,1.00427079
-0.6,6.25137137,1.00185652
-0.6,6.27204484,1.00398651
-0.6,6.29290789,1.00166673
-0.6,6.31382104,1.00481303
-0.6,6.33495691,1.00285431
-0.6,6.35600914,1.00596243
-0.6,6.37663869,1.00096237
-0.6,6.39770954,1.00201776
-0.6,6.41872759,1.00398972
-0.6,6.43951457,1.00220531
-0.6,6.46033562,1.00292651
-0.6,6.4814564,1.00381401
-0.6,6.50265681,1.00588304
-0.6,6.52350383,1.00358202
-0.6,6.54427866,1.00054301
-0.6,6.56515568,1.00315428
-0.6,6.58628576,1.00409614
-0.6,6.60749316,1.00297979
-0.6,6.62830625,1.00313056
-0.6,6.64913567,1.00394021
-0.6,6.67020149,1.0013696
-0.6,6.69106898,1.00486248
-0.6,6.71185955,1.00345255
-0.6,6.73264651,1.00149382
-0.6,6.7537045,1.00433141
-0.6,6.77487174,1.00046882
-0.6,6.79557562,1.00152481
-0.6,6.81648781,1.00135336
-0.6,6.83753747,1.00043374
-0.6,6.85867557,1.0017228
-0.6,6.87985316,1.0011446
-0.6,6.90065786,0.999742655
-0.6,6.92153112,1.00223026
-0.6,6.94229803,1.0023842
-0.6,6.9630016,1.00161044
-0.6,6.98416877,1.00071321
-0.6,7.0052781,1.00080094
-0.6,7.02617612,1.00048893
-0.6,7.04699526,1.00029846
-0.6,7.06761685,1.00213796
-0.6,7.08873369,1.00039886
-0.6,7.10994937,1.00037572
-0.6,7.13102893,1.00152218
-0.6,7.15201412,1.00145449
-0.6,7.17271336,1.00029902
-0.6,7.19374266,1.00134458
-0.6,7.21473042,1.00122693
-0.6,7.23564263,1.00067083
-0.6,7.25666289,0.999854945
-0.6,7.27757645,1.00154068
-0.6,7.2984411,1.00143854
-0.6,7.31917384,1.00038888
-0.6,7.34001688,1.00262768
-0.6,7.3611683,0.99986464
-0.6,7.38224284,1.00063742
-0.6,7.40324015,1.00223341
-0.6,7.42408854,1.00376667
-0.6,7.44500634,0.99964317
-0.6,7.46595959,1.0006001
-0.6,7.48696308,1.00006642
-0.6,7.5079936,1.00106986
-0.6,7.52871967,0.99830685
-0.6,7.54966921,0.999837133
-0.6,7.57064902,0.999372282
-0.6,7.59151428,1.00091675
-0.6,7.6123809,1.00306384
-0.6,7.63338324,0.99934685
-0.6,7.65450532,0.99695815
-0.6,7.67556944,0.996719968
-0.6,7.69637751,1.00005236
-0.6,7.71727216,1.00114194
-0.6,7.73835725,0.999006391
-0.6,7.75934923,0.997987444
-0.6,7.78023116,0.999428649
-0.6,7.80098697,1.00186368
-0.6,7.82190677,0.997676789
-0.6,7.84304931,0.998397953
-0.6,7.86405132,0.998699989
-0.6,7.88484553,1.00070293
-0.6,7.90574885,1.00041514
-0.6,7.9267531,0.999766673
-0.6,7.94765228,0.997091501
-0.6,7.96842304,0.998588641
-0.6,7.98938616,1.00077788
-0.6,8.01050815,0.997321167
-0.6,8.03153334,0.998678773
-0.6,8.05240251,1.00094028
-0.6,8.07332696,0.998229778
-0.6,8.09438514,0.997857265
-0.6,8.11529588,0.999206698
-0.6,8.13618411,0.997737143
-0.6,8.15717855,0.999816648
-0.6,8.17807847,0.999440546
-0.6,8.19905269,0.998515766
-0.6,8.21991085,0.997319741
-0.6,8.24078529,1.00007378
-0.6,8.26195652,0.999434389
-0.6,8.28293039,0.998067209
-0.6,8.30373423,1.00103452
-0.6,8.32452583,0.996892945
-0.6,8.34556221,0.998254036
-0.6,8.36671927,1.00016158
-0.6,8.38757523,0.998861588
-0.6,8.40855808,0.998794652
-0.6,8.42953585,0.997067331
-0.6,8.45042977,0.998354267
-0.6,8.47138662,0.999471315
-0.6,8.49217243,0.997061328
-0.6,8.51321806,0.997014165
-0.6,8.53421183,0.999998548
-0.6,8.55508292,0.997011306
-0.6,8.57598662,0.997808239
-0.6,8.59679232,0.998474936
-0.6,8.61783107,0.996539769
-0.6,8.63891768,0.997267063
-0.6,8.65972861,0.997931951
-0.6,8.68059853,0.999202505
-0.6,8.70174168,0.99810401
-0.6,8.72279566,0.999883686
-0.6,8.74359241,0.997597883
-0.6,8.76424415,0.998990826
-0.6,8.78526729,0.999604639
-0.6,8.80637189,1.00018246
-0.6,8.82736896,0.998789154
-0.6,8.84843212,0.998903818
-0.6,8.86933197,0.996328249
-0.6,8.89026857,0.997884748
-0.6,8.91123702,0.997101117
-0.6,8.93214776,0.997224355
-0.6,8.95312097,0.998286943
-0.6,8.9741304,0.997923185
-0.6,8.99505705,0.998896021
-0.6,9.01571368,0.999205815
-0.6,9.03640927,1.00042408
-0.6,9.05755121,0.998750634
-0.6,9.07868023,0.999156955
-0.6,9.09969513,1.00053483
-0.6,9.1205658,0.997658294
-0.6,9.14137844,1.00149323
-0.6,9.16237082,0.999509613
-0.6,9.18339441,0.998135913
-0.6,9.20447395,0.99918632
-0.6,9.22549281,0.998665951
-0.6,9.2463962,0.998177154
-0.6,9.26722673,0.998553834
-0.6,9.28791689,0.998217578
-0.6,9.30892724,0.998257496
-0.6,9.33003065,1.00040167
-0.6,9.35102864,0.998588033
-0.6,9.37196601,0.997468115
-0.6,9.39258783,1.00063382
-0.6,9.41349621,0.998602801
-0.6,9.4347927,0.998055908
-0.6,9.45587737,0.997431337
-0.6,9.47676866,0.999979581
-0.6,9.49762777,0.998710534
-0.6,9.51852362,0.997807835
-0.6,9.53939795,0.999361055
-0.6,9.56035551,0.998868979
-0.6,9.58149741,0.998638862
-0.6,9.60249587,0.996956651
-0.6,9.62336478,0.996135811
-0.6,9.64415055,1.00027693
-0.6,9.66502224,0.999666527
-0.6,9.68597433,0.998329598
-0.6,9.7069728,1.00006412
-0.6,9.72797765,0.99923241
-0.6,9.74896401,1.0001433
-0.6,9.76996217,0.999602721
-0.6,9.79085678,0.999558197
-0.6,9.81166698,0.996975293
-0.6,9.83262494,0.998039963
-0.6,9.85372265,1.00015972
-0.6,9.87472665,0.998025248
-0.6,9.89559934,0.998432634
-0.6,9.91635289,1.00062176
-0.6,9.93737645,0.997234631
-0.6,9.95856995,1.00111733
-0.6,9.97940815,1.00006002
-0.6,10.000082,0.998856808
-0.4,0.0252815853,0.0286477717
-0.4,0.0486976344,0.0331657338
-0.4,0.0692644017,0.0326203187
-0.4,0.08877835,0.0337873345
-0.4,0.111604297,0.0347503683
-0.4,0.132731806,0.0353364571
-0.4,0.153672181,0.0360323672
-0.4,0.175641863,0.0382706209
-0.4,0.196615509,0.0394194296
-0.4,0.217326708,0.0410747041
-0.4,0.237538457,0.042503787
-0.4,0.258148683,0.0445358806
-0.4,0.28040349,0.0470746832
-0.4,0.301929084,0.0491308867
-0.4,0.322287413,0.0518763592
-0.4,0.342663331,0.054224292
-0.4,0.363641289,0.0569553541
-0.4,0.385602948,0.0601503397
-0.4,0.406737165,0.06333161
-0.4,0.427001871,0.0659017685
-0.4,0.448754416,0.0685406733
-0.4,0.469601745,0.0740885315
-0.4,0.489805379,0.0773338576
-0.4,0.510302494,0.0802552819
-0.4,0.53178319,0.0845321907
-0.4,0.553922362,0.0890703487
-0.4,0.574670041,0.0926901433
-0.4,0.594645701,0.0976367543
-0.4,0.615540037,0.102278609
-0.4,0.636554081,0.106947549
-0.4,0.658102417,0.112635593
-0.4,0.679189641,0.118161303
-0.4,0.700054044,0.12293434
-0.4,0.721329826,0.129328444
-0.4,0.742033923,0.134821321
-0.4,0.762614581,0.141147656
-0.4,0.783270495,0.145977075
-0.4,0.804783918,0.151803791
-0.4,0.826095906,0.159543466
-0.4,0.846303977,0.165781942
-0.4,0.867174819,0.172411679
-0.4,0.888413258,0.179335084
-0.4,0.909910564,0.188036642
-0.4,0.931134698,0.19587259
-0.4,0.951563161,0.202324973
-0.4,0.972160451,0.211316649
-0.4,0.993008165,0.219048528
-0.4,1.0140906,0.228741981
-0.4,1.03500338,0.234576067
-0.4,1.05657413,0.24397299
-0.4,1.07789814,0.253310276
-0.4,1.09835045,0.262040602
-0.4,1.11903902,0.272356545
-0.4,1.1396405,0.282919949
-0.4,1.16109193,0.290281283
-0.4,1.18227503,0.303396354
-0.4,1.2030555,0.311772333
-0.4,1.22375183,0.321625262
-0.4,1.24453484,0.334251478
-0.4,1.26570671,0.343220751
-0.4,1.28693994,0.357979339
-0.4,1.30807124,0.367184234
-0.4,1.32889646,0.379985092
-0.4,1.34945121,0.39326473
-0.4,1.37055188,0.406330055
-0.4,1.39148285,0.415258315
-0.4,1.41220445,0.426533075
-0.4,1.43352474,0.440716392
-0.4,1.45454751,0.454697493
-0.4,1.47511055,0.467441899
-0.4,1.49566583,0.477138298
-0.4,1.51690776,0.492682947
-0.4,1.53826425,0.504779466
-0.4,1.55931449,0.518406883
-0.4,1.58012172,0.533415722
-0.4,1.60114355,0.545989901
-0.4,1.62229155,0.558138819
-0.4,1.64295947,0.570827335
-0.4,1.66366432,0.588383179
-0.4,1.68478217,0.600986451
-0.4,1.7057485,0.609272125
-0.4,1.72683745,0.623515898
-0.4,1.74765849,0.636677777
-0.4,1.76847487,0.649909479
-0.4,1.78961871,0.662067247
-0.4,1.81086098,0.674592871
-0.4,1.83179094,0.687219129
-0.4,1.8521746,0.697548868
-0.4,1.8733654,0.711761656
-0.4,1.89455538,0.72420428
-0.4,1.91534795,0.733349516
-0.4,1.93623233,0.741248266
-0.4,1.9571481,0.756448365
-0.4,1.97825109,0.766491529
-0.4,1.99905898,0.775102448
-0.4,2.01966715,0.783136796
-0.4,2.04082415,0.796063238
-0.4,2.06193171,0.80169536
-0.4,2.08296048,0.814013464
-0.4,2.10383017,0.821724864
-0.4,2.12494312,0.827855429
-0.4,2.14618475,0.832904072
-0.4,2.16679298,0.847749387
-0.4,2.18753482,0.85024887
-0.4,2.20847027,0.854647701
-0.4,2.22955181,0.864260526
-0.4,2.25078374,0.8742037
-0.4,2.27150159,0.878177472
-0.4,2.29205574,0.887640325
-0.4,2.31294326,0.887035466
-0.4,2.3340363,0.894683059
-0.4,2.35514399,0.897872028
-0.4,2.37607726,0.901308186
-0.4,2.39730341,0.905649579
-0.4,2.41857203,0.909600481
-0.4,2.43911056,0.915958241
-0.4,2.45988005,0.922895114
-0.4,2.48094151,0.922103271
-0.4,2.50196601,0.918439641
-0.4,2.52300496,0.926163833
-0.4,2.54340089,0.929832992
-0.4,2.56415297,0.933224874
-0.4,2.58575836,0.932336966
-0.4,2.60684428,0.937761287
-0.4,2.62775949,0.935556708
-0.4,2.64834355,0.933894342
-0.4,2.66912062,0.938453891
-0.4,2.69039946,0.944586048
-0.4,2.71121518,0.94315973
-0.4,2.7321837,0.947972574
-0.4,2.75306239,0.951556379
-0.4,2.77427049,0.950224677
-0.4,2.79557932,0.947327953
-0.4,2.8160646,0.950574118
-0.4,2.83689478,0.947490035
-0.4,2.85801727,0.949390943
-0.4,2.87906973,0.955064646
-0.4,2.89996898,0.956665659
-0.4,2.92062944,0.956458657
-0.4,2.941605,0.95625534
-0.4,2.96267076,0.958084655
-0.4,2.98347442,0.957163168
-0.4,3.00437656,0.96040027
-0.4,3.02542142,0.959123233
-0.4,3.04658726,0.959690811
-0.4,3.06768101,0.962477022
-0.4,3.088328,0.964896121
-0.4,3.10931167,0.966004328
-0.4,3.1305457,0.960977487
-0.4,3.15150209,0.9615627
-0.4,3.17219014,0.958404008
-0.4,3.19299024,0.962318611
-0.4,3.21390436,0.966950024
-0.4,3.23506564,0.967427794
-0.4,3.25605387,0.965232387
-0.4,3.27685776,0.966144563
-0.4,3.29794723,0.966951148
-0.4,3.31884778,0.967786175
-0.4,3.33944269,0.968305433
-0.4,3.36030612,0.96718003
-0.4,3.38171654,0.968351334
-0.4,3.40297495,0.971090946
-0.4,3.42370792,0.972398257
-0.4,3.44440875,0.97085083
-0.4,3.465315,0.972042869
-0.4,3.4865867,0.970158616
-0.4,3.50751221,0.973909771
-0.4,3.52796741,0.971659437
-0.4,3.5488788,0.970168641
-0.4,3.57014151,0.976649418
-0.4,3.59120365,0.97457843
-0.4,3.61190928,0.970716913
-0.4,3.63300558,0.976425609
-0.4,3.6541422,0.974848441
-0.4,3.67500902,0.976052342
-0.4,3.69581564,0.977300158
-0.4,3.71644729,0.976718669
-0.4,3.73749774,0.974577114
-0.4,3.75868086,0.981027466
-0.4,3.77950549,0.978865054
-0.4,3.80027286,0.979470259
-0.4,3.82143123,0.978463672
-0.4,3.84280481,0.981170406
-0.4,3.86349282,0.97743958
-0.4,3.88417456,0.984589344
-0.4,3.90535419,0.979077495
-0.4,3.9264697,0.98301627
-0.4,3.94738681,0.98447834
-0.4,3.96810309,0.98781991
-0.4,3.98888694,0.98538958
-0.4,4.00993371,0.982959396
-0.4,4.03080983,0.984112187
-0.4,4.05178039,0.98521246
-0.4,4.07276799,0.98475445
-0.4,4.09368684,0.987101419
-0.4,4.11485609,0.988020324
-0.4,4.13583188,0.986625268
-0.4,4.15670688,0.985485568
-0.4,4.17758774,0.988132933
-0.4,4.19867141,0.988501168
-0.4,4.21961517,0.989280518
-0.4,4.24013393,0.989217633
-0.4,4.26119077,0.990533998
-0.4,4.28239268,0.986118888
-0.4,4.30342826,0.990794346
-0.4,4.32431592,0.991304927
-0.4,4.34508479,0.98783504
-0.4,4.36604259,0.991940276
-0.4,4.38708086,0.991983076
-0.4,4.40778797,0.992379569
-0.4,4.4288526,0.987835883
-0.4,4.44994967,0.989849156
-0.4,4.47085438,0.991109689
-0.4,4.49188801,0.995635199
-0.4,4.51250216,0.993724274
-0.4,4.5334461,0.992278322
-0.4,4.55463591,0.99350677
-0.4,4.57547609,0.992518732
-0.4,4.59643311,0.995421078
-0.4,4.61732903,0.995063684
-0.4,4.63833098,0.995003004
-0.4,4.65949324,0.996799033
-0.4,4.68039693,0.991978122
-0.4,4.70136745,0.996344295
-0.4,4.72221533,0.997023181
-0.4,4.74309374,0.995912937
-0.4,4.76390784,0.994958605
-0.4,4.78491795,0.994811674
-0.4,4.80636204,0.997079942
-0.4,4.82728449,0.995552923
-0.4,4.84785524,0.996060999
-0.4,4.86859731,0.996706922
-0.4,4.88954319,0.997361082
-0.4,4.91078695,0.996226093
-0.4,4.93172016,1.00143683
-0.4,4.95244063,0.996376196
-0.4,4.97348932,0.999220621
-0.4,4.994309,0.996857854
-0.4,5.01515697,0.995126195
-0.4,5.03598003,0.998394492
-0.4,5.05703237,1.00027443
-0.4,5.07840332,0.999501119
-0.4,5.09943841,0.99623664
-0.4,5.12032938,1.00168351
-0.4,5.14107614,1.00101588
-0.4,5.16214077,1.00025187
-0.4,5.18341099,0.99921225
-0.4,5.2041075,1.00000735
-0.4,5.22477891,0.999010418
-0.4,5.24557967,1.00016099
-0.4,5.26649236,1.00291953
-0.4,5.28753131,0.997406344
-0.4,5.30847064,1.00131054
-0.4,5.32946745,1.00155776
-0.4,5.3506922,1.00242534
-0.4,5.37158853,1.00163994
-0.4,5.39231925,1.00102793
-0.4,5.41333352,1.00358487
-0.4,5.43434316,1.0017638
-0.4,5.45530659,1.00218888
-0.4,5.47618498,1.00033778
-0.4,5.49715755,1.00364727
-0.4,5.51801586,0.999414148
-0.4,5.53881995,1.0024487
-0.4,5.55992514,1.00280279
-0.4,5.58098545,1.00171474
-0.4,5.60183772,1.00296905
-0.4,5.62277584,1.00336081
-0.4,5.64379172,1.00389686
-0.4,5.66460817,1.0026268
-0.4,5.68556022,1.00490025
-0.4,5.7067909,1.00383966
-0.4,5.72769317,1.00284519
-0.4,5.74840017,1.00226142
-0.4,5.76938192,1.00181139
-0.4,5.79039764,1.00435457
-0.4,5.81144039,1.00287814
-0.4,5.83232115,1.00493369
-0.4,5.85320209,1.00482697
-0.4,5.87418919,1.00479263
-0.4,5.89509625,1.0049261
-0.4,5.9159726,1.00608581
-0.4,5.93682663,1.00246903
-0.4,5.95791772,1.00185217
-0.4,5.97900675,1.00304963
-0.4,5.99978945,1.00250738
-0.4,6.02063577,1.00436687
-0.4,6.04156421,1.00360637
-0.4,6.06259364,1.00323684
-0.4,6.08377541,1.00270734
-0.4,6.10447051,1.00205467
-0.4,6.12538157,1.00076379
-0.4,6.14660689,1.00178787
-0.4,6.16752321,1.0017885
-0.4,6.18833806,1.00401548
-0.4,6.20938667,1.00429554
-0.4,6.23052184,1.00287667
-0.4,6.25137137,1.00082352
-0.4,6.27204484,1.00460802
-0.4,6.29290789,1.00263197
-0.4,6.31382104,1.00379823
-0.4,6.33495691,1.00202886
-0.4,6.35600914,1.00083025
-0.4,6.37663869,1.00245594
-0.4,6.39770954,1.00138631
-0.4,6.41872759,1.00374401
-0.4,6.43951457,1.00061512
-0.4,6.46033562,1.00204919
-0.4,6.4814564,1.00307049
-0.4,6.50265681,1.00311372
-0.4,6.52350383,1.00264944
-0.4,6.54427866,1.00317689
-0.4,6.56515568,1.00122519
-0.4,6.58628576,1.00328958
-0.4,6.60749316,1.00563506
-0.4,6.62830625,1.00213055
-0.4,6.64913567,1.00244871
-0.4,6.67020149,1.00184069
-0.4,6.69106898,1.00269734
-0.4,6.71185955,1.00289505
-0.4,6.73264651,1.00266968
-0.4,6.7537045,1.0022808
-0.4,6.77487174,1.00062345
-0.4,6.79557562,1.00320816
-0.4,6.81648781,1.00326299
-0.4,6.83753747,1.00158313
-0.4,6.85867557,1.00216201
-0.4,6.87985316,1.00036126
-0.4,6.90065786,0.999553794
-0.4,6.92153112,1.00061747
-0.4,6.94229803,0.999719946
-0.4,6.9630016,1.00179134
-0.4,6.98416877,1.00082789
-0.4,7.0052781,1.00104315
-0.4,7.02617612,0.999237853
-0.4,7.04699526,1.00415468
-0.4,7.06761685,1.00130792
-0.4,7.08873369,1.00028809
-0.4,7.10994937,1.00082187
-0.4,7.13102893,1.00278085
-0.4,7.15201412,0.999458752
-0.4,7.17271336,1.00120174
-0.4,7.19374266,1.00050636
-0.4,7.21473042,1.00216547
-0.4,7.23564263,0.99995455
-0.4,7.25666289,0.99985733
-0.4,7.27757645,1.00151464
-0.4,7.2984411,1.00378708
-0.4,7.31917384,0.99988949
-0.4,7.34001688,0.998846911
-0.4,7.3611683,0.998851523
-0.4,7.38224284,0.998315119
-0.4,7.40324015,1.00037426
-0.4,7.42408854,0.999868399
-0.4,7.44500634,1.00123579
-0.4,7.46595959,1.00236013
-0.4,7.48696308,1.00185537
-0.4,7.5079936,1.00026023
-0.4,7.52871967,0.999740813
-0.4,7.54966921,0.999745797
-0.4,7.57064902,0.997789619
-0.4,7.59151428,1.0016221
-0.4,7.6123809,1.00101403
-0.4,7.63338324,1.00027875
-0.4,7.65450532,0.998386649
-0.4,7.67556944,0.998911245
-0.4,7.69637751,1.001288
-0.4,7.71727216,0.999405715
-0.4,7.73835725,0.998389085
-0.4,7.75934923,1.00145657
-0.4,7.78023116,0.99918392
-0.4,7.80098697,0.996226435
-0.4,7.82190677,0.998141037
-0.4,7.84304931,1.00012534
-0.4,7.86405132,0.997202326
-0.4,7.88484553,0.998160852
-0.4,7.90574885,0.997893222
-0.4,7.9267531,0.998316999
-0.4,7.94765228,0.997977725
-0.4,7.96842304,0.997025125
-0.4,7.98938616,0.997688121
-0.4,8.01050815,0.998606003
-0.4,8.03153334,1.00187106
-0.4,8.05240251,0.997569545
-0.4,8.07332696,1.00008515
-0.4,8.09438514,0.999428498
-0.4,8.11529588,0.997566057
-0.4,8.13618411,0.997828929
-0.4,8.15717855,0.999130755
-0.4,8.17807847,1.00013093
-0.4,8.19905269,0.997800263
-0.4,8.21991085,0.9995875
-0.4,8.24078529,1.00088456
-0.4,8.26195652,0.996338629
-0.4,8.28293039,0.998016465
-0.4,8.30373423,0.996581391
-0.4,8.32452583,0.995617705
-0.4,8.34556221,0.998738623
-0.4,8.36671927,0.998769308
-0.4,8.38757523,0.998307586
-0.4,8.40855808,1.00017447
-0.4,8.42953585,1.00075369
-0.4,8.45042977,0.997642607
-0.4,8.47138662,0.999742553
-0.4,8.49217243,0.997561905
-0.4,8.51321806,0.997126716
-0.4,8.53421183,1.00031575
-0.4,8.55508292,0.998148965
-0.4,8.57598662,0.998646165
-0.4,8.59679232,0.997995267
-0.4,8.61783107,0.99899488
-0.4,8.63891768,0.999807541
-0.4,8.65972861,1.0001114
-0.4,8.68059853,0.998791932
-0.4,8.70174168,0.998578169
-0.4,8.72279566,0.999602229
-0.4,8.74359241,1.00118335
-0.4,8.76424415,1.00002697
-0.4,8.78526729,0.998602934
-0.4,8.80637189,0.996427618
-0.4,8.82736896,0.995998656
-0.4,8.84843212,0.998747794
-0.4,8.86933197,0.997096708
-0.4,8.89026857,0.997833803
-0.4,8.91123702,0.996603817
-0.4,8.93214776,0.99942122
-0.4,8.95312097,0.999309955
-0.4,8.9741304,0.996074765
-0.4,8.99505705,0.998400351
-0.4,9.01571368,0.998604941
-0.4,9.03640927,0.998541484
-0.4,9.05755121,0.997454809
-0.4,9.07868023,1.00105933
-0.4,9.09969513,0.998471844
-0.4,9.1205658,0.99988298
-0.4,9.14137844,0.996680262
-0.4,9.16237082,0.999220117
-0.4,9.18339441,0.995425802
-0.4,9.20447395,0.99649632
-0.4,9.22549281,0.99857696
-0.4,9.2463962,0.997740187
-0.4,9.26722673,0.996960493
-0.4,9.28791689,0.99985362
-0.4,9.30892724,0.998149447
-0.4,9.33003065,0.999772961
-0.4,9.35102864,0.998354454
-0.4,9.37196601,0.999049802
-0.4,9.39258783,0.998574635
-0.4,9.41349621,0.997721807
-0.4,9.4347927,0.99773377
-0.4,9.45587737,0.999141714
-0.4,9.47676866,0.996798475
-0.4,9.49762777,1.00115068
-0.4,9.51852362,0.999490403
-0.4,9.53939795,0.996952915
-0.4,9.56035551,0.998541658
-0.4,9.58149741,0.997839803
-0.4,9.60249587,0.997740877
-0.4,9.62336478,0.997569703
-0.4,9.64415055,0.998073702
-0.4,9.66502224,1.00167818
-0.4,9.68597433,0.997844411
-0.4,9.7069728,0.999182931
-0.4,9.72797765,0.998569744
-0.4,9.74896401,0.998239954
-0.4,9.76996217,0.998615749
-0.4,9.79085678,0.999469043
-0.4,9.81166698,0.997782622
-0.4,9.83262494,0.998103991
-0.4,9.85372265,0.997409857
-0.4,9.87472665,0.997715564
-0.4,9.89559934,0.999326023
-0.4,9.91635289,0.998333245
-0.4,9.93737645,1.00003956
-0.4,9.95856995,1.0001236
-0.4,9.97940815,0.997137368
-0.4,10.000082,0.998984653
-0.2,0.0252815853,0.0398575614
-0.2,0.0486976344,0.0400990045
-0.2,0.0692644017,0.0432533839
-0.2,0.08877835,0.0444662813
-0.2,0.111604297,0.0451053083
-0.2,0.132731806,0.0463902032
-0.2,0.153672181,0.0465373801
-0.2,0.175641863,0.0482675801
-0.2,0.196615509,0.0499628086
-0.2,0.217326708,0.0512161925
-0.2,0.237538457,0.052938792
-0.2,0.258148683,0.0543016447
-0.2,0.28040349,0.0569304672
-0.2,0.301929084,0.0588621555
-0.2,0.322287413,0.0611683152
-0.2,0.342663331,0.0640939564
-0.2,0.363641289,0.0661553399
-0.2,0.385602948,0.0690170779
-0.2,0.406737165,0.0720743959
-0.2,0.427001871,0.0754258062
-0.2,0.448754416,0.0784037758
-0.2,0.469601745,0.0821322622
-0.2,0.489805379,0.0849861311
-0.2,0.510302494,0.0894377341
-0.2,0.53178319,0.0928624196
-0.2,0.553922362,0.0968318054
-0.2,0.574670041,0.101112678
-0.2,0.594645701,0.105068961
-0.2,0.615540037,0.108911526
-0.2,0.636554081,0.113855596
-0.2,0.658102417,0.119659596
-0.2,0.679189641,0.124004966
-0.2,0.700054044,0.12928421
-0.2,0.721329826,0.133843302
-0.2,0.742033923,0.139965969
-0.2,0.762614581,0.145285343
-0.2,0.783270495,0.152327956
-0.2,0.804783918,0.157624274
-0.2,0.826095906,0.164591223
-0.2,0.846303977,0.17101156
-0.2,0.867174819,0.176956743
-0.2,0.888413258,0.183993802
-0.2,0.909910564,0.192404929
-0.2,0.931134698,0.200296931
-0.2,0.951563161,0.204783623
-0.2,0.972160451,0.21244367
-0.2,0.993008165,0.22079192
-0.2,1.0140906,0.228382448
-0.2,1.03500338,0.235777
-0.2,1.05657413,0.244818152
-0.2,1.07789814,0.253928213
-0.2,1.09835045,0.264949408
-0.2,1.11903902,0.27079092
-0.2,1.1396405,0.280939672
-0.2,1.16109193,0.28977456
-0.2,1.18227503,0.29966747
-0.2,1.2030555,0.312066077
-0.2,1.22375183,0.321354507
-0.2,1.24453484,0.331470131
-0.2,1.26570671,0.342234857
-0.2,1.28693994,0.352317941
-0.2,1.30807124,0.364253475
-0.2,1.32889646,0.375287418
-0.2,1.34945121,0.386333496
-0.2,1.37055188,0.39814652
-0.2,1.39148285,0.410319432
-0.2,1.41220445,0.419753528
-0.2,1.43352474,0.433022949
-0.2,1.45454751,0.446076873
-0.2,1.47511055,0.459666857
-0.2,1.49566583,0.464236758
-0.2,1.51690776,0.481474855
-0.2,1.53826425,0.495602044
-0.2,1.55931449,0.508301255
-0.2,1.58012172,0.520872563
-0.2,1.60114355,0.532736744
-0.2,1.62229155,0.546059083
-0.2,1.64295947,0.559047802
-0.2,1.66366432,0.5683845
-0.2,1.68478217,0.582248345
-0.2,1.7057485,0.595769781
-0.2,1.72683745,0.61018279
-0.2,1.74765849,0.621409795
-0.2,1.76847487,0.633944944
-0.2,1.78961871,0.649037676
-0.2,1.81086098,0.661015593
-0.2,1.83179094,0.669643842
-0.2,1.8521746,0.686205669
-0.2,1.8733654,0.694844182
-0.2,1.89455538,0.704666621
-0.2,1.91534795,0.716458636
-0.2,1.93623233,0.728584173
-0.2,1.9571481,0.737559318
-0.2,1.97825109,0.747679035
-0.2,1.99905898,0.759956996
-0.2,2.01966715,0.771088286
-0.2,2.04082415,0.778219229
-0.2,2.06193171,0.786153818
-0.2,2.08296048,0.793046164
-0.2,2.10383017,0.800885081
-0.2,2.12494312,0.813101059
-0.2,2.14618475,0.821737698
-0.2,2.16679298,0.826596894
-0.2,2.18753482,0.831974637
-0.2,2.20847027,0.844187873
-0.2,2.22955181,0.846194957
-0.2,2.25078374,0.851382422
-0.2,2.27150159,0.858872081
-0.2,2.29205574,0.869275009
-0.2,2.31294326,0.875128566
-0.2,2.3340363,0.876056327
-0.2,2.35514399,0.884473819
-0.2,2.37607726,0.886940615
-0.2,2.39730341,0.890276123
-0.2,2.41857203,0.893784856
-0.2,2.43911056,0.89464468
-0.2,2.45988005,0.904946515
-0.2,2.48094151,0.906290256
-0.2,2.50196601,0.90422531
-0.2,2.52300496,0.912712323
-0.2,2.54340089,0.911057641
-0.2,2.56415297,0.916109257
-0.2,2.58575836,0.914630372
-0.2,2.60684428,0.917507018
-0.2,2.62775949,0.92290693
-0.2,2.64834355,0.925837957
-0.2,2.66912062,0.926041072
-0.2,2.69039946,0.925029797
-0.2,2.71121518,0.929547857
-0.2,2.7321837,0.933695394
-0.2,2.75306239,0.934220627
-0.2,2.77427049,0.937381842
-0.2,2.79557932,0.93340504
-0.2,2.8160646,0.937601118
-0.2,2.83689478,0.941802726
-0.2,2.85801727,0.941376629
-0.2,2.87906973,0.944267777
-0.2,2.89996898,0.943548609
-0.2,2.92062944,0.944767866
-0.2,2.941605,0.945525036
-0.2,2.96267076,0.94537065
-0.2,2.98347442,0.947221505
-0.2,3.00437656,0.949869904
-0.2,3.02542142,0.949688291
-0.2,3.04658726,0.950732612
-0.2,3.06768101,0.953954922
-0.2,3.088328,0.953043866
-0.2,3.10931167,0.951846481
-0.2,3.1305457,0.95581417
-0.2,3.15150209,0.954451771
-0.2,3.17219014,0.957036857
-0.2,3.19299024,0.954665451
-0.2,3.21390436,0.955612536
-0.2,3.23506564,0.959564758
-0.2,3.25605387,0.95930027
-0.2,3.27685776,0.960649545
-0.2,3.29794723,0.95714087
-0.2,3.31884778,0.956502298
-0.2,3.33944269,0.96498862
-0.2,3.36030612,0.966711483
-0.2,3.38171654,0.962816236
-0.2,3.40297495,0.961355656
-0.2,3.42370792,0.96455187
-0.2,3.44440875,0.96736665
-0.2,3.465315,0.970026076
-0.2,3.4865867,0.969695646
-0.2,3.50751221,0.969238423
-0.2,3.52796741,0.968551102
-0.2,3.5488788,0.967125159
-0.2,3.57014151,0.968133542
-0.2,3.59120365,0.970315646
-0.2,3.61190928,0.969970665
-0.2,3.63300558,0.970024907
-0.2,3.6541422,0.973893411
-0.2,3.67500902,0.969417828
-0.2,3.69581564,0.97360261
-0.2,3.71644729,0.974064307
-0.2,3.73749774,0.973587801
-0.2,3.75868086,0.976277425
-0.2,3.77950549,0.974408232
-0.2,3.80027286,0.980856681
-0.2,3.82143123,0.978614634
-0.2,3.84280481,0.980123869
-0.2,3.86349282,0.978359913
-0.2,3.88417456,0.981108363
-0.2,3.90535419,0.980924922
-0.2,3.9264697,0.980071953
-0.2,3.94738681,0.980599519
-0.2,3.96810309,0.985379333
-0.2,3.98888694,0.983394634
-0.2,4.00993371,0.983028472
-0.2,4.03080983,0.980690166
-0.2,4.05178039,0.981842422
-0.2,4.07276799,0.98379277
-0.2,4.09368684,0.987792483
-0.2,4.11485609,0.983998059
-0.2,4.13583188,0.987710315
-0.2,4.15670688,0.984504866
-0.2,4.17758774,0.985044713
-0.2,4.19867141,0.990470311
-0.2,4.21961517,0.990019948
-0.2,4.24013393,0.989482343
-0.2,4.26119077,0.985967999
-0.2,4.28239268,0.991656917
-0.2,4.30342826,0.990387883
-0.2,4.32431592,0.988431764
-0.2,4.34508479,0.994974084
-0.2,4.36604259,0.989430271
-0.2,4.38708086,0.990036881
-0.2,4.40778797,0.991491262
-0.2,4.4288526,0.992446665
-0.2,4.44994967,0.99427429
-0.2,4.47085438,0.995111371
-0.2,4.49188801,0.993236817
-0.2,4.51250216,0.994478612
-0.2,4.5334461,0.993847257
-0.2,4.55463591,0.992929586
-0.2,4.57547609,0.99605426
-0.2,4.59643311,0.993612885
-0.2,4.61732903,0.994555346
-0.2,4.63833098,0.993033437
-0.2,4.65949324,0.994704172
-0.2,4.68039693,0.993928116
-0.2,4.70136745,0.996367328
-0.2,4.72221533,0.996855163
-0.2,4.74309374,0.996652139
-0.2,4.76390784,0.995090552
-0.2,4.78491795,0.996258821
-0.2,4.80636204,0.997684172
-0.2,4.82728449,0.998939966
-0.2,4.84785524,1.00004986
-0.2,4.86859731,1.00074331
-0.2,4.88954319,0.996899081
-0.2,4.91078695,0.998279277
-0.2,4.93172016,0.998879827
-0.2,4.95244063,0.999613415
-0.2,4.97348932,0.999996081
-0.2,4.994309,0.99877279
-0.2,5.01515697,0.999803079
-0.2,5.03598003,0.998047759
-0.2,5.05703237,0.999596786
-0.2,5.07840332,1.00150707
-0.2,5.09943841,0.998879809
-0.2,5.12032938,1.00122674
-0.2,5.14107614,1.00030353
-0.2,5.16214077,0.998833099
-0.2,5.18341099,1.00007119
-0.2,5.2041075,1.00213446
-0.2,5.22477891,1.00288968
-0.2,5.24557967,1.00174182
-0.2,5.26649236,1.00340202
-0.2,5.28753131,1.0017665
-0.2,5.30847064,1.00378874
-0.2,5.32946745,1.00049935
-0.2,5.3506922,1.00227541
-0.2,5.37158853,1.00273241
-0.2,5.39231925,1.00317593
-0.2,5.41333352,1.00364849
-0.2,5.43434316,1.00474724
-0.2,5.45530659,1.00620242
-0.2,5.47618498,1.00271892
-0.2,5.49715755,1.00100829
-0.2,5.51801586,1.0013479
-0.2,5.53881995,1.00375745
-0.2,5.55992514,1.00406027
-0.2,5.58098545,0.999535198
-0.2,5.60183772,1.00304419
-0.2,5.62277584,1.0031211
-0.2,5.64379172,1.00334689
-0.2,5.66460817,1.00212096
-0.2,5.68556022,1.00108081
-0.2,5.7067909,1.00428896
-0.2,5.72769317,1.00289681
-0.2,5.74840017,1.00361023
-0.2,5.76938192,1.00439625
-0.2,5.79039764,1.00430618
-0.2,5.81144039,1.0033537
-0.2,5.83232115,1.00473875
-0.2,5.85320209,1.00247549
-0.2,5.87418919,1.00301647
-0.2,5.89509625,1.0051634
-0.2,5.9159726,1.0029942
-0.2,5.93682663,1.0008951
-0.2,5.95791772,1.00238868
-0.2,5.97900675,1.00192634
-0.2,5.99978945,0.999817291
-0.2,6.02063577,1.00120762
-0.2,6.04156421,1.0040945
-0.2,6.06259364,1.00509751
-0.2,6.08377541,1.00438784
-0.2,6.10447051,1.00637146
-0.2,6.12538157,1.0019761
-0.2,6.14660689,1.00422977
-0.2,6.16752321,1.00503784
-0.2,6.18833806,1.0057685
-0.2,6.20938667,1.00238822
-0.2,6.23052184,1.00288693
-0.2,6.25137137,1.00327801
-0.2,6.27204484,1.00073253
-0.2,6.29290789,1.00525183
-0.2,6.31382104,1.0048019
-0.2,6.33495691,1.00371561
-0.2,6.35600914,1.00393975
-0.2,6.37663869,1.00055033
-0.2,6.39770954,1.00313008
-0.2,6.41872759,1.00119098
-0.2,6.43951457,1.00260769
-0.2,6.46033562,1.00197156
-0.2,6.4814564,1.00212556
-0.2,6.50265681,1.00318779
-0.2,6.52350383,1.00176855
-0.2,6.54427866,1.00271532
-0.2,6.56515568,1.00389571
-0.2,6.58628576,1.00289587
-0.2,6.60749316,1.00447351
-0.2,6.62830625,1.00217104
-0.2,6.64913567,1.003813
-0.2,6.67020149,1.00224769
-0.2,6.69106898,1.00135824
-0.2,6.71185955,1.00204966
-0.2,6.73264651,1.00259826
-0.2,6.7537045,1.00170654
-0.2,6.77487174,0.999845487
-0.2,6.79557562,1.00379822
-0.2,6.81648781,1.00273146
-0.2,6.83753747,1.0034759
-0.2,6.85867557,1.00243166
-0.2,6.87985316,1.00304087
-0.2,6.90065786,1.00324101
-0.2,6.92153112,1.00323006
-0.2,6.94229803,1.00038114
-0.2,6.9630016,1.00130057
-0.2,6.98416877,1.00129474
-0.2,7.0052781,1.00274396
-0.2,7.02617612,1.00161937
-0.2,7.04699526,1.00232031
-0.2,7.06761685,1.00244118
-0.2,7.08873369,1.00220847
-0.2,7.10994937,1.00277034
-0.2,7.13102893,0.998920264
-0.2,7.15201412,0.999672146
-0.2,7.17271336,1.00264438
-0.2,7.19374266,1.00018203
-0.2,7.21473042,1.00081018
-0.2,7.23564263,1.00283713
-0.2,7.25666289,1.00151819
-0.2,7.27757645,1.00018615
-0.2,7.2984411,1.00284013
-0.2,7.31917384,1.00058272
-0.2,7.34001688,1.00027279
-0.2,7.3611683,1.00158813
-0.2,7.38224284,1.00037465
-0.2,7.40324015,1.00223533
-0.2,7.42408854,0.999092102
-0.2,7.44500634,0.999025961
-0.2,7.46595959,1.00271283
-0.2,7.48696308,1.0030247
-0.2,7.5079936,0.996966311
-0.2,7.52871967,1.00234074
-0.2,7.54966921,0.997738857
-0.2,7.57064902,0.999235866
-0.2,7.59151428,0.99881769
-0.2,7.6123809,0.99966329
-0.2,7.63338324,0.99846779
-0.2,7.65450532,0.998019573
-0.2,7.67556944,0.997926868
-0.2,7.69637751,1.00010653
-0.2,7.71727216,0.998641838
-0.2,7.73835725,0.99987848
-0.2,7.75934923,0.99911884
-0.2,7.78023116,0.998766201
-0.2,7.80098697,0.998535268
-0.2,7.82190677,0.997526611
-0.2,7.84304931,0.998913174
-0.2,7.86405132,1.00095679
-0.2,7.88484553,0.996871613
-0.2,7.90574885,1.00112866
-0.2,7.9267531,0.998194224
-0.2,7.94765228,0.997590266
-0.2,7.96842304,0.99821581
-0.2,7.98938616,0.998765428
-0.2,8.01050815,1.00062367
-0.2,8.03153334,1.0004962
-0.2,8.05240251,0.999669226
-0.2,8.07332696,0.99789649
-0.2,8.09438514,0.998703992
-0.2,8.11529588,0.99835878
-0.2,8.13618411,0.999824878
-0.2,8.15717855,0.999544981
-0.2,8.17807847,0.99693309
-0.2,8.19905269,1.00000744
-0.2,8.21991085,0.999253742
-0.2,8.24078529,1.00070112
-0.2,8.26195652,0.996755459
-0.2,8.28293039,0.996755834
-0.2,8.30373423,1.00109244
-0.2,8.32452583,0.998757698
-0.2,8.34556221,0.995924232
-0.2,8.36671927,1.00067172
-0.2,8.38757523,0.996901901
-0.2,8.40855808,1.00103198
-0.2,8.42953585,0.998887875
-0.2,8.45042977,0.996428205
-0.2,8.47138662,0.999807569
-0.2,8.49217243,0.997900876
-0.2,8.51321806,0.999922814
-0.2,8.53421183,0.998680062
-0.2,8.55508292,0.997687242
-0.2,8.57598662,1.00066797
-0.2,8.59679232,0.997477435
-0.2,8.61783107,0.999619319
-0.2,8.63891768,0.998309729
-0.2,8.65972861,0.998418523
-0.2,8.68059853,0.999225459
-0.2,8.70174168,1.0012586
-0.2,8.72279566,1.00045776
-0.2,8.74359241,0.995794551
-0.2,8.76424415,0.99865468
-0.2,8.78526729,0.99778329
-0.2,8.80637189,0.997812256
-0.2,8.82736896,0.99719513
-0.2,8.84843212,0.999022473
-0.2,8.86933197,0.998443035
-0.2,8.89026857,0.995609371
-0.2,8.91123702,0.99719183
-0.2,8.93214776,0.999218187
-0.2,8.95312097,0.997552566
-0.2,8.9741304,0.999175886
-0.2,8.99505705,0.997114173
-0.2,9.01571368,0.997598571
-0.2,9.03640927,0.99840889
-0.2,9.05755121,0.996016498
-0.2,9.07868023,0.99887478
-0.2,9.09969513,0.999812646
-0.2,9.1205658,0.997580224
-0.2,9.14137844,0.999737407
-0.2,9.16237082,1.00054628
-0.2,9.18339441,0.997590552
-0.2,9.20447395,0.998359021
-0.2,9.22549281,0.998806267
-0.2,9.2463962,0.997861162
-0.2,9.26722673,1.00004218
-0.2,9.28791689,0.999840986
-0.2,9.30892724,0.997801709
-0.2,9.33003065,0.997175302
-0.2,9.35102864,0.998529398
-0.2,9.37196601,0.997764912
-0.2,9.39258783,0.998443911
-0.2,9.41349621,0.998241964
-0.2,9.4347927,0.998843459
-0.2,9.45587737,0.996989296
-0.2,9.47676866,0.999469502
-0.2,9.49762777,0.998274522
-0.2,9.51852362,0.999038211
-0.2,9.53939795,0.997575758
-0.2,9.56035551,0.999120367
-0.2,9.58149741,0.999374725
-0.2,9.60249587,1.00092002
-0.2,9.62336478,0.997044972
-0.2,9.64415055,0.998073824
-0.2,9.66502224,0.999349076
-0.2,9.68597433,0.9999301
-0.2,9.7069728,0.997653864
-0.2,9.72797765,0.997606349
-0.2,9.74896401,0.996585785
-0.2,9.76996217,0.998331228
-0.2,9.79085678,0.999203699
-0.2,9.81166698,0.998398373
-0.2,9.83262494,0.999935894
-0.2,9.85372265,0.998545717
-0.2,9.87472665,0.996722302
-0.2,9.89559934,0.99993654
-0.2,9.91635289,0.999864728
-0.2,9.93737645,0.998582013
-0.2,9.95856995,1.00035905
-0.2,9.97940815,0.999128402
-0.2,10.000082,0.998370106
0.0,0.0252815853,0.0540435481
0.0,0.0486976344,0.0529624126
0.0,0.0692644017,0.0539925346
0.0,0.08877835,0.0552217596
0.0,0.111604297,0.0553544292
0.0,0.132731806,0.0568797165
0.0,0.153672181,0.0576377036
0.0,0.175641863,0.0581557647
0.0,0.196615509,0.0594864489
0.0,0.217326708,0.0611278305
0.0,0.237538457,0.0619765415
0.0,0.258148683,0.0646523138
0.0,0.28040349,0.066506291
0.0,0.301929084,0.0683855409
0.0,0.322287413,0.070511193
0.0,0.342663331,0.0739229346
0.0,0.363641289,0.0749585453
0.0,0.385602948,0.0782879734
0.0,0.406737165,0.0815464685
0.0,0.427001871,0.0843308743
0.0,0.448754416,0.0872372944
0.0,0.469601745,0.0901533654
0.0,0.489805379,0.0932065873
0.0,0.510302494,0.0964524887
0.0,0.53178319,0.100342561
0.0,0.553922362,0.103680036
0.0,0.574670041,0.10881363
0.0,0.594645701,0.112804542
0.0,0.615540037,0.117187753
0.0,0.636554081,0.120609643
0.0,0.658102417,0.126303948
0.0,0.679189641,0.130767846
0.0,0.700054044,0.135079654
0.0,0.721329826,0.141286318
0.0,0.742033923,0.145443786
0.0,0.762614581,0.151113374
0.0,0.783270495,0.158175341
0.0,0.804783918,0.163338018
0.0,0.826095906,0.169123498
0.0,0.846303977,0.173421254
0.0,0.867174819,0.181373527
0.0,0.888413258,0.188713477
0.0,0.909910564,0.194436796
0.0,0.931134698,0.201366457
0.0,0.951563161,0.208550704
0.0,0.972160451,0.215875814
0.0,0.993008165,0.222522299
0.0,1.0140906,0.231169294
0.0,1.03500338,0.239208537
0.0,1.05657413,0.246690672
0.0,1.07789814,0.253961783
0.0,1.09835045,0.263891404
0.0,1.11903902,0.271263246
0.0,1.1396405,0.280815088
0.0,1.16109193,0.290616256
0.0,1.18227503,0.298380603
0.0,1.2030555,0.308072451
0.0,1.22375183,0.318837921
0.0,1.24453484,0.327735944
0.0,1.26570671,0.336204855
0.0,1.28693994,0.348449486
0.0,1.30807124,0.35713298
0.0,1.32889646,0.368669963
0.0,1.34945121,0.378863949
0.0,1.37055188,0.393244644
0.0,1.39148285,0.402560578
0.0,1.41220445,0.410842385
0.0,1.43352474,0.425891539
0.0,1.45454751,0.437709584
0.0,1.47511055,0.446441034
0.0,1.49566583,0.460434211
0.0,1.51690776,0.474974047
0.0,1.53826425,0.485913982
0.0,1.55931449,0.495940654
0.0,1.58012172,0.507197177
0.0,1.60114355,0.523793902
0.0,1.62229155,0.536288457
0.0,1.64295947,0.544966331
0.0,1.66366432,0.559629336
0.0,1.68478217,0.572277821
0.0,1.7057485,0.584689401
0.0,1.72683745,0.597518383
0.0,1.74765849,0.61019566
0.0,1.76847487,0.621934506
0.0,1.78961871,0.628256765
0.0,1.81086098,0.641007189
0.0,1.83179094,0.654077972
0.0,1.8521746,0.666291518
0.0,1.8733654,0.678262232
0.0,1.89455538,0.690507712
0.0,1.91534795,0.699720637
0.0,1.93623233,0.711261515
0.0,1.9571481,0.720593747
0.0,1.97825109,0.730832672
0.0,1.99905898,0.740615226
0.0,2.01966715,0.750335429
0.0,2.04082415,0.758251392
0.0,2.06193171,0.765305354
0.0,2.08296048,0.773577062
0.0,2.10383017,0.786367403
0.0,2.12494312,0.792396612
0.0,2.14618475,0.799780857
0.0,2.16679298,0.806467488
0.0,2.18753482,0.817523357
0.0,2.20847027,0.821963866
0.0,2.22955181,0.831751722
0.0,2.25078374,0.836441126
0.0,2.27150159,0.838503433
0.0,2.29205574,0.849052227
0.0,2.31294326,0.854005362
0.0,2.3340363,0.862531482
0.0,2.35514399,0.861115404
0.0,2.37607726,0.871256422
0.0,2.39730341,0.87386123
0.0,2.41857203,0.876686452
0.0,2.43911056,0.876727693
0.0,2.45988005,0.881477811
0.0,2.48094151,0.893171248
0.0,2.50196601,0.887536364
0.0,2.52300496,0.893632981
0.0,2.54340089,0.898140548
0.0,2.56415297,0.899349626
0.0,2.58575836,0.905059951
0.0,2.60684428,0.909105772
0.0,2.62775949,0.906629247
0.0,2.64834355,0.910684137
0.0,2.66912062,0.91213861
0.0,2.69039946,0.913815312
0.0,2.71121518,0.919160029
0.0,2.7321837,0.919563082
0.0,2.75306239,0.920885073
0.0,2.77427049,0.922575043
0.0,2.79557932,0.925561094
0.0,2.8160646,0.928435983
0.0,2.83689478,0.9286722
0.0,2.85801727,0.931180984
0.0,2.87906973,0.930179804
0.0,2.89996898,0.929268326
0.0,2.92062944,0.933929196
0.0,2.941605,0.936675396
0.0,2.96267076,0.937801694
0.0,2.98347442,0.937551035
0.0,3.00437656,0.939543089
0.0,3.02542142,0.941717791
0.0,3.04658726,0.942494349
0.0,3.06768101,0.941952558
0.0,3.088328,0.94278017
0.0,3.10931167,0.944253612
0.0,3.1305457,0.943134671
0.0,3.15150209,0.94741989
0.0,3.17219014,0.949415661
0.0,3.19299024,0.94881951
0.0,3.21390436,0.949357051
0.0,3.23506564,0.951339299
0.0,3.25605387,0.952226476
0.0,3.27685776,0.952864866
0.0,3.29794723,0.95447739
0.0,3.31884778,0.954477338
0.0,3.33944269,0.955487664
0.0,3.36030612,0.957058888
0.0,3.38171654,0.958759575
0.0,3.40297495,0.956920613
0.0,3.42370792,0.959642075
0.0,3.44440875,0.96255135
0.0,3.465315,0.962135565
0.0,3.4865867,0.963171266
0.0,3.50751221,0.962062973
0.0,3.52796741,0.967198109
0.0,3.5488788,0.964840316
0.0,3.57014151,0.965683008
0.0,3.59120365,0.963308073
0.0,3.61190928,0.967255337
0.0,3.63300558,0.967755085
0.0,3.6541422,0.968428782
0.0,3.67500902,0.969940215
0.0,3.69581564,0.96900667
0.0,3.71644729,0.973096497
0.0,3.73749774,0.971733291
0.0,3.75868086,0.972612925
0.0,3.77950549,0.971478026
0.0,3.80027286,0.977618086
0.0,3.82143123,0.976296797
0.0,3.84280481,0.973538357
0.0,3.86349282,0.978806945
0.0,3.88417456,0.977311467
0.0,3.90535419,0.978639949
0.0,3.9264697,0.979948805
0.0,3.94738681,0.977088046
0.0,3.96810309,0.983265191
0.0,3.98888694,0.981256775
0.0,4.00993371,0.98208095
0.0,4.03080983,0.981440495
0.0,4.05178039,0.986226775
0.0,4.07276799,0.982209237
0.0,4.09368684,0.984427793
0.0,4.11485609,0.985302942
0.0,4.13583188,0.984478603
0.0,4.15670688,0.990753614
0.0,4.17758774,0.985878188
0.0,4.19867141,0.985738191
0.0,4.21961517,0.989007435
0.0,4.24013393,0.989103864
0.0,4.26119077,0.988000844
0.0,4.28239268,0.987282602
0.0,4.30342826,0.988204628
0.0,4.32431592,0.990158884
0.0,4.34508479,0.990027563
0.0,4.36604259,0.990638518
0.0,4.38708086,0.990618276
0.0,4.40778797,0.989912853
0.0,4.4288526,0.991049389
0.0,4.44994967,0.991306504
0.0,4.47085438,0.993942799
0.0,4.49188801,0.994740372
0.0,4.51250216,0.993210645
0.0,4.5334461,0.995197344
0.0,4.55463591,0.99384298
0.0,4.57547609,0.996802411
0.0,4.59643311,0.998406289
0.0,4.61732903,0.996567182
0.0,4.63833098,0.997681615
0.0,4.65949324,0.995123658
0.0,4.68039693,0.99638445
0.0,4.70136745,0.997790129
0.0,4.72221533,0.996388827
0.0,4.74309374,0.999820962
0.0,4.76390784,0.993459901
0.0,4.78491795,0.998849581
0.0,4.80636204,1.00154795
0.0,4.82728449,0.998688791
0.0,4.84785524,0.997543159
0.0,4.86859731,0.999402802
0.0,4.88954319,1.00163647
0.0,4.91078695,0.999381866
0.0,4.93172016,1.00044095
0.0,4.95244063,1.0015351
0.0,4.97348932,1.00038743
0.0,4.994309,1.00260025
0.0,5.01515697,0.998723214
0.0,5.03598003,0.99892053
0.0,5.05703237,0.999104954
0.0,5.07840332,0.997319619
0.0,5.09943841,1.00120602
0.0,5.12032938,1.00310473
0.0,5.14107614,1.00086547
0.0,5.16214077,0.999250353
0.0,5.18341099,1.00213653
0.0,5.2041075,1.00240065
0.0,5.22477891,1.00230887
0.0,5.24557967,1.0019085
0.0,5.26649236,1.00231887
0.0,5.28753131,1.00151327
0.0,5.30847064,1.00071016
0.0,5.32946745,0.999518294
0.0,5.3506922,1.00460947
0.0,5.37158853,1.0016107
0.0,5.39231925,1.00136766
0.0,5.41333352,1.00280675
0.0,5.43434316,1.00023171
0.0,5.45530659,1.00350071
0.0,5.47618498,1.00339952
0.0,5.49715755,1.00469204
0.0,5.51801586,1.00256453
0.0,5.53881995,1.00365481
0.0,5.55992514,1.00290863
0.0,5.58098545,1.00467575
0.0,5.60183772,1.0038759
0.0,5.62277584,1.00480492
0.0,5.64379172,1.00287383
0.0,5.66460817,1.00407567
0.0,5.68556022,1.00382062
0.0,5.7067909,1.00425277
0.0,5.72769317,1.00547257
0.0,5.74840017,1.00376559
0.0,5.76938192,1.0048224
0.0,5.79039764,1.0058334
0.0,5.81144039,1.00454847
0.0,5.83232115,1.0046724
0.0,5.85320209,1.00781185
0.0,5.87418919,1.00416265
0.0,5.89509625,1.00381786
0.0,5.9159726,1.0038401
0.0,5.93682663,1.00291289
0.0,5.95791772,1.00331761
0.0,5.97900675,1.0069634
0.0,5.99978945,1.00426125
0.0,6.02063577,1.00279675
0.0,6.04156421,1.00366992
0.0,6.06259364,1.00549748
0.0,6.08377541,1.0021262
0.0,6.10447051,1.0040148
0.0,6.12538157,1.0021357
0.0,6.14660689,1.00180157
0.0,6.16752321,1.00492604
0.0,6.18833806,1.0026694
0.0,6.20938667,1.00540183
0.0,6.23052184,1.00475317
0.0,6.25137137,1.0024756
0.0,6.27204484,1.00533942
0.0,6.29290789,1.00468606
0.0,6.31382104,1.00381531
0.0,6.33495691,1.00552388
0.0,6.35600914,1.00289046
0.0,6.37663869,1.00420984
0.0,6.39770954,1.00582429
0.0,6.41872759,1.00537264
0.0,6.43951457,1.00361552
0.0,6.46033562,1.00443308
0.0,6.4814564,1.00282684
0.0,6.50265681,1.00288728
0.0,6.52350383,1.00268946
0.0,6.54427866,1.00332801
0.0,6.56515568,1.00106857
0.0,6.58628576,1.00320431
0.0,6.60749316,1.0043084
0.0,6.62830625,1.00488703
0.0,6.64913567,1.00471303
0.0,6.67020149,1.00199915
0.0,6.69106898,1.00119581
0.0,6.71185955,1.0052003
0.0,6.73264651,1.0042015
0.0,6.7537045,1.00049654
0.0,6.77487174,1.0039694
0.0,6.79557562,1.00256632
0.0,6.81648781,1.00452725
0.0,6.83753747,1.00363685
0.0,6.85867557,1.00285375
0.0,6.87985316,1.00003101
0.0,6.90065786,1.00120391
0.0,6.92153112,1.00169993
0.0,6.94229803,1.00144608
0.0,6.9630016,1.0016732
0.0,6.98416877,1.0049211
0.0,7.0052781,0.999904243
0.0,7.02617612,1.00207326
0.0,7.04699526,0.998618975
0.0,7.06761685,1.00273927
0.0,7.08873369,1.0019172
0.0,7.10994937,1.00118264
0.0,7.13102893,1.00207047
0.0,7.15201412,1.00204297
0.0,7.17271336,0.999052609
0.0,7.19374266,1.00254619
0.0,7.21473042,1.00300753
0.0,7.23564263,1.00208223
0.0,7.25666289,1.0005923
0.0,7.27757645,1.00102937
0.0,7.2984411,1.00136266
0.0,7.31917384,1.00230725
0.0,7.34001688,1.00258796
0.0,7.3611683,0.999909642
0.0,7.38224284,0.998501366
0.0,7.40324015,1.00145498
0.0,7.42408854,0.997982836
0.0,7.44500634,1.00107971
0.0,7.46595959,1.00194205
0.0,7.48696308,1.0002302
0.0,7.5079936,1.00056094
0.0,7.52871967,1.00203896
0.0,7.54966921,1.00073471
0.0,7.57064902,1.00147456
0.0,7.59151428,1.00222088
0.0,7.6123809,0.998912207
0.0,7.63338324,1.00006375
0.0,7.65450532,0.99903448
0.0,7.67556944,1.0016202
0.0,7.69637751,0.999866668
0.0,7.71727216,1.00198665
0.0,7.73835725,0.996454734
0.0,7.75934923,0.999234624
0.0,7.78023116,0.999109034
0.0,7.80098697,0.997605781
0.0,7.82190677,0.998821496
0.0,7.84304931,0.99884124
0.0,7.86405132,1.00050676
0.0,7.88484553,0.997804856
0.0,7.90574885,0.998623056
0.0,7.9267531,1.00032393
0.0,7.94765228,1.00107395
0.0,7.96842304,0.997483652
0.0,7.98938616,0.99776498
0.0,8.01050815,0.999034457
0.0,8.03153334,1.00034021
0.0,8.05240251,0.997586007
0.0,8.07332696,0.99815469
0.0,8.09438514,0.997296032
0.0,8.11529588,0.999482065
0.0,8.13618411,0.99851041
0.0,8.15717855,0.999226624
0.0,8.17807847,0.996832752
0.0,8.19905269,0.997560305
0.0,8.21991085,0.999442822
0.0,8.24078529,1.00185591
0.0,8.26195652,0.999392433
0.0,8.28293039,0.997443482
0.0,8.30373423,0.996718
0.0,8.32452583,0.998713124
0.0,8.34556221,0.994833297
0.0,8.36671927,0.997051628
0.0,8.38757523,0.997148005
0.0,8.40855808,0.998880351
0.0,8.42953585,0.997140624
0.0,8.45042977,0.999364137
0.0,8.47138662,0.99713216
0.0,8.49217243,0.998161563
0.0,8.51321806,0.999432892
0.0,8.53421183,0.997908163
0.0,8.55508292,0.996385135
0.0,8.57598662,0.999736919
0.0,8.59679232,0.996769986
0.0,8.61783107,0.997244216
0.0,8.63891768,0.998593769
0.0,8.65972861,0.996106841
0.0,8.68059853,0.999396656
0.0,8.70174168,0.998430319
0.0,8.72279566,0.997351653
0.0,8.74359241,0.999262304
0.0,8.76424415,0.999432884
0.0,8.78526729,0.999451075
0.0,8.80637189,0.998780153
0.0,8.82736896,0.995532278
0.0,8.84843212,0.999622544
0.0,8.86933197,0.997341901
0.0,8.89026857,0.998631423
0.0,8.91123702,1.0008486
0.0,8.93214776,0.999356515
0.0,8.95312097,0.998706367
0.0,8.9741304,0.997825355
0.0,8.99505705,0.998981377
0.0,9.01571368,0.999956088
0.0,9.03640927,0.997065774
0.0,9.05755121,0.998593538
0.0,9.07868023,0.99765136
0.0,9.09969513,0.998747394
0.0,9.1205658,0.997191986
0.0,9.14137844,0.998452989
0.0,9.16237082,0.999472863
0.0,9.18339441,0.997228713
0.0,9.20447395,0.996547257
0.0,9.22549281,0.996979854
0.0,9.2463962,0.996816782
0.0,9.26722673,0.999525568
0.0,9.28791689,0.998135646
0.0,9.30892724,0.996326723
0.0,9.33003065,0.997034672
0.0,9.35102864,0.999535283
0.0,9.37196601,0.996864893
0.0,9.39258783,0.997093319
0.0,9.41349621,0.999714322
0.0,9.4347927,0.999164943
0.0,9.45587737,0.997182885
0.0,9.47676866,0.999074218
0.0,9.49762777,0.996749326
0.0,9.51852362,0.997844371
0.0,9.53939795,0.998871992
0.0,9.56035551,0.99778637
0.0,9.58149741,0.998028886
0.0,9.60249587,0.997826134
0.0,9.62336478,0.998256445
0.0,9.64415055,0.998269273
0.0,9.66502224,0.998535479
0.0,9.68597433,0.999183375
0.0,9.7069728,0.999121157
0.0,9.72797765,0.99568991
0.0,9.74896401,0.99819581
0.0,9.76996217,0.998381399
0.0,9.79085678,0.997805689
0.0,9.81166698,0.999165711
0.0,9.83262494,0.998534024
0.0,9.85372265,0.997579305
0.0,9.87472665,0.998348798
0.0,9.89559934,0.997845501
0.0,9.91635289,0.999183451
0.0,9.93737645,0.998403279
0.0,9.95856995,0.997518973
0.0,9.97940815,0.997328707
0.0,10.000082,1.00079813
